seq,equation_definition_id,platform_name,platform_target,platform_scope,platform_status,platform_version,source_row,formula_match,primary_classification,secondary_classification,severity,confidence,platform_expression,platform_expression_as_names,platform_expression_normalized,source_expression,source_expression_normalized,discrepancy_description
1,EQ11001,yield,VAR11001,linha/L1_L7,PUBLISHED,1,2,EXACT,MATCH,,INFO,HIGH,(VAR11006 - VAR11008)*PARAM11001 - 0.654*VAR11007,(ltp_a_c - ratio_spent)*ltp_tc - 0.654*sl_solids,(ltp_a_c-ratio_spent)*ltp_tc-0.654*sl_solids,"(ltp_a_c - ratio_spent)*ltp_tc - 0,654*sl_solids",(ltp_a_c-ratio_spent)*ltp_tc-0.654*sl_solids,
2,EQ11002,ltp,VAR11002,linha/L1_L7,PUBLISHED,1,3,EXACT,MATCH,,INFO,HIGH,VAR11003*VAR11005,lth*ltp_lth,lth*ltp_lth,lth*ltp_lth,lth*ltp_lth,
3,EQ11003,ssa_media,VAR11011,linha/L1_L7,PUBLISHED,1,13,EXACT,MATCH,,INFO,HIGH,(VAR11009 + VAR11010)/2,(ssa_sf + ssa_sg)/2,(ssa_sf+ssa_sg)/2,(ssa_sf + ssa_sg)/2,(ssa_sf+ssa_sg)/2,
4,EQ11004,n_ppt,VAR11012,linha/L1_L7,PUBLISHED,1,14,DIFFERENT,SEMANTIC_MATCH,,INFO,HIGH,PARAM11003 - VAR11239,tanque_base - tanque,tanque_base-tanque,tanque_base_L1@ - tanque_L1@,tanque_base_L1@-tanque_L1@,"Fonte usa notacao current-line 'tanque_base_L1@ - tanque_L1@' (nao adotada pela plataforma, ver secao 15). Plataforma usa referencia sem escopo 'tanque_base - tanque', resolvida contextualmente por EquationInstance (secao 16). Semanticamente equivalente; comprovado por teste executavel para L1..L7."
5,EQ11005,producao_base_ppt,VAR11015,linha/L1_L7,PUBLISHED,1,17,EXACT,MATCH,,INFO,HIGH,(VAR11001*24*VAR11002*0.97)/1000,(yield*24*ltp*0.97)/1000,(yield*24*ltp*0.97)/1000,"(yield*24*ltp*0,97)/1000",(yield*24*ltp*0.97)/1000,
6,EQ11006,ratio_spent,VAR11008,linha/L1_L7,PUBLISHED,1,10,DIFFERENT,MATCH,INFO:HISTORICAL_SOURCE_NOTE,INFO,HIGH,VAR11087 - 0.005*(VAR11012 - VAR11091) - 0.0017*(-VAR11013 + VAR11092) - 0.0007*((VAR11014 - VAR11093)/5) - 0.0017*(PARAM11002 - PARAM11001) - 0.004*((VAR11081 - VAR11002)/100) + 0.002*(VAR11090 - VAR11011),ratio_spent_base - 0.005*(n_ppt - n_ppt_base) - 0.0017*(-eoc_temp + eoc_temp_base) - 0.0007*((eoc_solids - eoc_solids_base)/5) - 0.0017*(ltp_tc_base - ltp_tc) - 0.004*((ltp_base - ltp)/100) + 0.002*(ssa_media_base - ssa_media),ratio_spent_base-0.005*(n_ppt-n_ppt_base)-0.0017*(-eoc_temp+eoc_temp_base)-0.0007*((eoc_solids-eoc_solids_base)/5)-0.0017*(ltp_tc_base-ltp_tc)-0.004*((ltp_base-ltp)/100)+0.002*(ssa_media_base-ssa_media),"ratio_spent_base - 0,005*(n_ppt - n_ppt_base) - 0,0017*(- eoc_temp + eoc_temp_base) - 0,0007*((eoc_solids - eoc_solids_base)/5) - 0,0017*(ltp_tc_base - ltp_tc) - 0,004*((ltp - ltp_base)/100) - 0,002*( - ssa_media + ssa_media_base)",ratio_spent_base-0.005*(n_ppt-n_ppt_base)-0.0017*(-eoc_temp+eoc_temp_base)-0.0007*((eoc_solids-eoc_solids_base)/5)-0.0017*(ltp_tc_base-ltp_tc)-0.004*((ltp-ltp_base)/100)-0.002*(-ssa_media+ssa_media_base),"MATCH contra a regra de negocio Nivel 1 (aprovada, secao 4.1) -- formula implementada e identica termo a termo a regra oficial, incluindo o coeficiente 0.0007. historical/source note: o workbook (Nivel 2) diverge em SINAL em 2 dos 7 termos: LTP: platform '-0.004*(LTP_base-LTP)/100' vs source '-0.0040*(ltp-ltp_base)/100' (sinais opostos); SSAmedia: platform '+0.002*(SSAmedia_base-SSAmedia)' vs source '-0.002*(-ssa_media+ssa_media_base)' == '+0.002*(ssa_media-ssa_media_base)' (sinais opostos). Os demais 5 termos (Ratio_spent_base, n_ppt, EOCtemp, EOCsolids incl. coeficiente 0.0007, LTPTC) sao identicos entre as duas fontes."
7,EQ11007,yield_base,VAR11080,linha/L1_L7,PUBLISHED,1,82,EXACT,MATCH,,INFO,HIGH,(VAR11085 - VAR11087)*PARAM11002 - 0.654*VAR11086,(ltp_a_c_base - ratio_spent_base)*ltp_tc_base - 0.654*sl_solids_base,(ltp_a_c_base-ratio_spent_base)*ltp_tc_base-0.654*sl_solids_base,"(ltp_a_c_base - ratio_spent_base)*ltp_tc_base - 0,654*sl_solids_base",(ltp_a_c_base-ratio_spent_base)*ltp_tc_base-0.654*sl_solids_base,
8,EQ11008,ltp_base,VAR11081,linha/L1_L7,PUBLISHED,1,83,EXACT,MATCH,,INFO,HIGH,VAR11082*VAR11084,lth_base*ltp_lth_base,lth_base*ltp_lth_base,lth_base*ltp_lth_base,lth_base*ltp_lth_base,
9,EQ11009,ssa_media_base,VAR11090,linha/L1_L7,PUBLISHED,1,93,EXACT,MATCH,,INFO,HIGH,(VAR11088 + VAR11089)/2,(ssa_sf_base + ssa_sg_base)/2,(ssa_sf_base+ssa_sg_base)/2,(ssa_sf_base + ssa_sg_base)/2,(ssa_sf_base+ssa_sg_base)/2,
10,EQ11010,producao_base_ppt_base,VAR11094,linha/L1_L7,PUBLISHED,1,97,EXACT,MATCH,,INFO,HIGH,(VAR11080*24*30*VAR11081*0.97)/1000,(yield_base*24*30*ltp_base*0.97)/1000,(yield_base*24*30*ltp_base*0.97)/1000,"(yield_base*24*30*ltp_base*0,97)/1000",(yield_base*24*30*ltp_base*0.97)/1000,
11,EQ11011,yield,VAR11016,linha_grupo/L1_L3,PUBLISHED,1,18,EXACT,MATCH,,INFO,HIGH,( VAR11001@L1*VAR11002@L1 + VAR11001@L2*VAR11002@L2 + VAR11001@L3*VAR11002@L3 ) / ( VAR11002@L1 + VAR11002@L2 + VAR11002@L3 ),( yield@L1*ltp@L1 + yield@L2*ltp@L2 + yield@L3*ltp@L3 ) / ( ltp@L1 + ltp@L2 + ltp@L3 ),(yield@L1*ltp@L1+yield@L2*ltp@L2+yield@L3*ltp@L3)/(ltp@L1+ltp@L2+ltp@L3),( yield@L1*ltp@L1 + yield@L2*ltp@L2 + yield@L3*ltp@L3 ) / ( ltp@L1 + ltp@L2 + ltp@L3 ),(yield@L1*ltp@L1+yield@L2*ltp@L2+yield@L3*ltp@L3)/(ltp@L1+ltp@L2+ltp@L3),
12,EQ11012,ratio_spent,VAR11024,linha_grupo/L1_L3,PUBLISHED,1,26,EXACT,MATCH,,INFO,HIGH,( VAR11008@L1*VAR11002@L1 + VAR11008@L2*VAR11002@L2 + VAR11008@L3*VAR11002@L3 ) / ( VAR11002@L1 + VAR11002@L2 + VAR11002@L3 ),( ratio_spent@L1*ltp@L1 + ratio_spent@L2*ltp@L2 + ratio_spent@L3*ltp@L3 ) / ( ltp@L1 + ltp@L2 + ltp@L3 ),(ratio_spent@L1*ltp@L1+ratio_spent@L2*ltp@L2+ratio_spent@L3*ltp@L3)/(ltp@L1+ltp@L2+ltp@L3),( ratio_spent@L1*ltp@L1 + ratio_spent@L2*ltp@L2 + ratio_spent@L3*ltp@L3 ) /  ( ltp@L1 + ltp@L2 + ltp@L3 ),(ratio_spent@L1*ltp@L1+ratio_spent@L2*ltp@L2+ratio_spent@L3*ltp@L3)/(ltp@L1+ltp@L2+ltp@L3),
13,EQ11013,eoc_temp,VAR11029,linha_grupo/L1_L3,PUBLISHED,1,31,EXACT,MATCH,,INFO,HIGH,( VAR11013@L1*VAR11002@L1 + VAR11013@L2*VAR11002@L2 + VAR11013@L3*VAR11002@L3 ) / ( VAR11002@L1 + VAR11002@L2 + VAR11002@L3 ),( eoc_temp@L1*ltp@L1 + eoc_temp@L2*ltp@L2 + eoc_temp@L3*ltp@L3 ) / ( ltp@L1 + ltp@L2 + ltp@L3 ),(eoc_temp@L1*ltp@L1+eoc_temp@L2*ltp@L2+eoc_temp@L3*ltp@L3)/(ltp@L1+ltp@L2+ltp@L3), ( eoc_temp@L1*ltp@L1 + eoc_temp@L2*ltp@L2 + eoc_temp@L3*ltp@L3 ) /  ( ltp@L1 + ltp@L2 + ltp@L3 ),(eoc_temp@L1*ltp@L1+eoc_temp@L2*ltp@L2+eoc_temp@L3*ltp@L3)/(ltp@L1+ltp@L2+ltp@L3),
14,EQ11014,ltp,VAR11017,linha_grupo/L1_L3,PUBLISHED,1,19,EXACT,MATCH,,INFO,HIGH,( VAR11002@L1 + VAR11002@L2 + VAR11002@L3 ) / 3,( ltp@L1 + ltp@L2 + ltp@L3 ) / 3,(ltp@L1+ltp@L2+ltp@L3)/3, ( ltp@L1 + ltp@L2 + ltp@L3 ) / 3,(ltp@L1+ltp@L2+ltp@L3)/3,
15,EQ11015,lth,VAR11018,linha_grupo/L1_L3,PUBLISHED,1,20,EXACT,MATCH,,INFO,HIGH,( VAR11003@L1 + VAR11003@L2 + VAR11003@L3 ) / 3,( lth@L1 + lth@L2 + lth@L3 ) / 3,(lth@L1+lth@L2+lth@L3)/3, ( lth@L1 + lth@L2 + lth@L3 ) / 3,(lth@L1+lth@L2+lth@L3)/3,
16,EQ11016,oee,VAR11019,linha_grupo/L1_L3,PUBLISHED,1,21,EXACT,MATCH,,INFO,HIGH,( VAR11004@L1 + VAR11004@L2 + VAR11004@L3 ) / 3,( oee@L1 + oee@L2 + oee@L3 ) / 3,(oee@L1+oee@L2+oee@L3)/3, ( oee@L1 + oee@L2 + oee@L3 ) / 3,(oee@L1+oee@L2+oee@L3)/3,
17,EQ11017,ltp_lth,VAR11020,linha_grupo/L1_L3,PUBLISHED,1,22,EXACT,MATCH,,INFO,HIGH,( VAR11005@L1 + VAR11005@L2 + VAR11005@L3 ) / 3,( ltp_lth@L1 + ltp_lth@L2 + ltp_lth@L3 ) / 3,(ltp_lth@L1+ltp_lth@L2+ltp_lth@L3)/3, ( ltp_lth@L1 + ltp_lth@L2 + ltp_lth@L3 ) / 3,(ltp_lth@L1+ltp_lth@L2+ltp_lth@L3)/3,
18,EQ11018,ltp_tc,VAR11021,linha_grupo/L1_L3,PUBLISHED,1,23,EXACT,MATCH,,INFO,HIGH,( PARAM11001@L1 + PARAM11001@L2 + PARAM11001@L3 ) / 3,( ltp_tc@L1 + ltp_tc@L2 + ltp_tc@L3 ) / 3,(ltp_tc@L1+ltp_tc@L2+ltp_tc@L3)/3, ( ltp_tc@L1 + ltp_tc@L2 + ltp_tc@L3 ) / 3,(ltp_tc@L1+ltp_tc@L2+ltp_tc@L3)/3,
19,EQ11019,ltp_a_c,VAR11022,linha_grupo/L1_L3,PUBLISHED,1,24,EXACT,MATCH,,INFO,HIGH,( VAR11006@L1 + VAR11006@L2 + VAR11006@L3 ) / 3,( ltp_a_c@L1 + ltp_a_c@L2 + ltp_a_c@L3 ) / 3,(ltp_a_c@L1+ltp_a_c@L2+ltp_a_c@L3)/3, ( ltp_a_c@L1 + ltp_a_c@L2 + ltp_a_c@L3 ) / 3,(ltp_a_c@L1+ltp_a_c@L2+ltp_a_c@L3)/3,
20,EQ11020,sl_solids,VAR11023,linha_grupo/L1_L3,PUBLISHED,1,25,EXACT,MATCH,,INFO,HIGH,( VAR11007@L1 + VAR11007@L2 + VAR11007@L3 ) / 3,( sl_solids@L1 + sl_solids@L2 + sl_solids@L3 ) / 3,(sl_solids@L1+sl_solids@L2+sl_solids@L3)/3,( sl_solids@L1 + sl_solids@L2 + sl_solids@L3 ) / 3,(sl_solids@L1+sl_solids@L2+sl_solids@L3)/3,
21,EQ11021,ssa_sf,VAR11025,linha_grupo/L1_L3,PUBLISHED,1,27,EXACT,MATCH,,INFO,HIGH,( VAR11009@L1 + VAR11009@L2 + VAR11009@L3 ) / 3,( ssa_sf@L1 + ssa_sf@L2 + ssa_sf@L3 ) / 3,(ssa_sf@L1+ssa_sf@L2+ssa_sf@L3)/3,( ssa_sf@L1 + ssa_sf@L2 + ssa_sf@L3 ) / 3,(ssa_sf@L1+ssa_sf@L2+ssa_sf@L3)/3,
22,EQ11022,ssa_sg,VAR11026,linha_grupo/L1_L3,PUBLISHED,1,28,EXACT,MATCH,,INFO,HIGH,( VAR11010@L1 + VAR11010@L2 + VAR11010@L3 ) / 3,( ssa_sg@L1 + ssa_sg@L2 + ssa_sg@L3 ) / 3,(ssa_sg@L1+ssa_sg@L2+ssa_sg@L3)/3,( ssa_sg@L1 + ssa_sg@L2 + ssa_sg@L3 ) / 3,(ssa_sg@L1+ssa_sg@L2+ssa_sg@L3)/3,
23,EQ11023,ssa_media,VAR11027,linha_grupo/L1_L3,PUBLISHED,1,29,EXACT,MATCH,,INFO,HIGH,( VAR11011@L1 + VAR11011@L2 + VAR11011@L3 ) / 3,( ssa_media@L1 + ssa_media@L2 + ssa_media@L3 ) / 3,(ssa_media@L1+ssa_media@L2+ssa_media@L3)/3,( ssa_media@L1 + ssa_media@L2 + ssa_media@L3 ) / 3,(ssa_media@L1+ssa_media@L2+ssa_media@L3)/3,
24,EQ11024,n_ppt,VAR11028,linha_grupo/L1_L3,PUBLISHED,1,30,EXACT,MATCH,,INFO,HIGH,( VAR11012@L1 + VAR11012@L2 + VAR11012@L3 ) / 3,( n_ppt@L1 + n_ppt@L2 + n_ppt@L3 ) / 3,(n_ppt@L1+n_ppt@L2+n_ppt@L3)/3, ( n_ppt@L1 + n_ppt@L2 + n_ppt@L3 ) / 3,(n_ppt@L1+n_ppt@L2+n_ppt@L3)/3,
25,EQ11025,eoc_solids,VAR11030,linha_grupo/L1_L3,PUBLISHED,1,32,EXACT,MATCH,,INFO,HIGH,( VAR11014@L1 + VAR11014@L2 + VAR11014@L3 ) / 3,( eoc_solids@L1 + eoc_solids@L2 + eoc_solids@L3 ) / 3,(eoc_solids@L1+eoc_solids@L2+eoc_solids@L3)/3, ( eoc_solids@L1 + eoc_solids@L2 + eoc_solids@L3 ) / 3,(eoc_solids@L1+eoc_solids@L2+eoc_solids@L3)/3,
26,EQ11026,producao_base_ppt,VAR11031,linha_grupo/L1_L3,PUBLISHED,1,33,EXACT,MATCH,,INFO,HIGH,VAR11015@L1 + VAR11015@L2 + VAR11015@L3,producao_base_ppt@L1 + producao_base_ppt@L2 + producao_base_ppt@L3,producao_base_ppt@L1+producao_base_ppt@L2+producao_base_ppt@L3,producao_base_ppt@L1 + producao_base_ppt@L2 + producao_base_ppt@L3,producao_base_ppt@L1+producao_base_ppt@L2+producao_base_ppt@L3,
27,EQ11027,yield,VAR11032,linha_grupo/L4_L5,PUBLISHED,1,34,EXACT,MATCH,,INFO,HIGH,( VAR11001@L4*VAR11002@L4 + VAR11001@L5*VAR11002@L5 ) / ( VAR11002@L4 + VAR11002@L5 ),( yield@L4*ltp@L4 + yield@L5*ltp@L5 ) / ( ltp@L4 + ltp@L5 ),(yield@L4*ltp@L4+yield@L5*ltp@L5)/(ltp@L4+ltp@L5),( yield@L4 * ltp@L4 + yield@L5 * ltp@L5 ) / ( ltp@L4 + ltp@L5 ),(yield@L4*ltp@L4+yield@L5*ltp@L5)/(ltp@L4+ltp@L5),
28,EQ11028,ratio_spent,VAR11040,linha_grupo/L4_L5,PUBLISHED,1,42,EXACT,MATCH,,INFO,HIGH,( VAR11008@L4*VAR11002@L4 + VAR11008@L5*VAR11002@L5 ) / ( VAR11002@L4 + VAR11002@L5 ),( ratio_spent@L4*ltp@L4 + ratio_spent@L5*ltp@L5 ) / ( ltp@L4 + ltp@L5 ),(ratio_spent@L4*ltp@L4+ratio_spent@L5*ltp@L5)/(ltp@L4+ltp@L5),( ratio_spent@L4*ltp@L4 + ratio_spent@L5*ltp@L5 ) / ( ltp@L4 + ltp@L5 ),(ratio_spent@L4*ltp@L4+ratio_spent@L5*ltp@L5)/(ltp@L4+ltp@L5),
29,EQ11029,eoc_temp,VAR11045,linha_grupo/L4_L5,PUBLISHED,1,47,EXACT,MATCH,,INFO,HIGH,( VAR11013@L4*VAR11002@L4 + VAR11013@L5*VAR11002@L5 ) / ( VAR11002@L4 + VAR11002@L5 ),( eoc_temp@L4*ltp@L4 + eoc_temp@L5*ltp@L5 ) / ( ltp@L4 + ltp@L5 ),(eoc_temp@L4*ltp@L4+eoc_temp@L5*ltp@L5)/(ltp@L4+ltp@L5),( eoc_temp@L4*ltp@L4 + eoc_temp@L5*ltp@L5 ) / ( ltp@L4 + ltp@L5 ),(eoc_temp@L4*ltp@L4+eoc_temp@L5*ltp@L5)/(ltp@L4+ltp@L5),
30,EQ11030,ltp,VAR11033,linha_grupo/L4_L5,PUBLISHED,1,35,EXACT,MATCH,,INFO,HIGH,( VAR11002@L4 + VAR11002@L5 ) / 2,( ltp@L4 + ltp@L5 ) / 2,(ltp@L4+ltp@L5)/2,( ltp@L4 + ltp@L5 ) / 2,(ltp@L4+ltp@L5)/2,
31,EQ11031,lth,VAR11034,linha_grupo/L4_L5,PUBLISHED,1,36,EXACT,MATCH,,INFO,HIGH,( VAR11003@L4 + VAR11003@L5 ) / 2,( lth@L4 + lth@L5 ) / 2,(lth@L4+lth@L5)/2,( lth@L4 + lth@L5 ) / 2,(lth@L4+lth@L5)/2,
32,EQ11032,oee,VAR11035,linha_grupo/L4_L5,PUBLISHED,1,37,EXACT,MATCH,,INFO,HIGH,( VAR11004@L4 + VAR11004@L5 ) / 2,( oee@L4 + oee@L5 ) / 2,(oee@L4+oee@L5)/2,( oee@L4 + oee@L5 ) / 2,(oee@L4+oee@L5)/2,
33,EQ11033,ltp_lth,VAR11036,linha_grupo/L4_L5,PUBLISHED,1,38,EXACT,MATCH,,INFO,HIGH,( VAR11005@L4 + VAR11005@L5 ) / 2,( ltp_lth@L4 + ltp_lth@L5 ) / 2,(ltp_lth@L4+ltp_lth@L5)/2,( ltp_lth@L4 + ltp_lth@L5 ) / 2,(ltp_lth@L4+ltp_lth@L5)/2,
34,EQ11034,ltp_tc,VAR11037,linha_grupo/L4_L5,PUBLISHED,1,39,EXACT,MATCH,,INFO,HIGH,( PARAM11001@L4 + PARAM11001@L5 ) / 2,( ltp_tc@L4 + ltp_tc@L5 ) / 2,(ltp_tc@L4+ltp_tc@L5)/2,( ltp_tc@L4 + ltp_tc@L5 ) / 2,(ltp_tc@L4+ltp_tc@L5)/2,
35,EQ11035,ltp_a_c,VAR11038,linha_grupo/L4_L5,PUBLISHED,1,40,EXACT,MATCH,,INFO,HIGH,( VAR11006@L4 + VAR11006@L5 ) / 2,( ltp_a_c@L4 + ltp_a_c@L5 ) / 2,(ltp_a_c@L4+ltp_a_c@L5)/2,( ltp_a_c@L4 + ltp_a_c@L5 ) / 2,(ltp_a_c@L4+ltp_a_c@L5)/2,
36,EQ11036,sl_solids,VAR11039,linha_grupo/L4_L5,PUBLISHED,1,41,EXACT,MATCH,,INFO,HIGH,( VAR11007@L4 + VAR11007@L5 ) / 2,( sl_solids@L4 + sl_solids@L5 ) / 2,(sl_solids@L4+sl_solids@L5)/2,( sl_solids@L4 + sl_solids@L5 ) / 2,(sl_solids@L4+sl_solids@L5)/2,
37,EQ11037,ssa_sf,VAR11041,linha_grupo/L4_L5,PUBLISHED,1,43,EXACT,MATCH,,INFO,HIGH,( VAR11009@L4 + VAR11009@L5 ) / 2,( ssa_sf@L4 + ssa_sf@L5 ) / 2,(ssa_sf@L4+ssa_sf@L5)/2,( ssa_sf@L4 + ssa_sf@L5 ) / 2,(ssa_sf@L4+ssa_sf@L5)/2,
38,EQ11038,ssa_sg,VAR11042,linha_grupo/L4_L5,PUBLISHED,1,44,EXACT,MATCH,,INFO,HIGH,( VAR11010@L4 + VAR11010@L5 ) / 2,( ssa_sg@L4 + ssa_sg@L5 ) / 2,(ssa_sg@L4+ssa_sg@L5)/2,( ssa_sg@L4 + ssa_sg@L5 ) / 2,(ssa_sg@L4+ssa_sg@L5)/2,
39,EQ11039,ssa_media,VAR11043,linha_grupo/L4_L5,PUBLISHED,1,45,EXACT,MATCH,,INFO,HIGH,( VAR11011@L4 + VAR11011@L5 ) / 2,( ssa_media@L4 + ssa_media@L5 ) / 2,(ssa_media@L4+ssa_media@L5)/2,( ssa_media@L4 + ssa_media@L5 ) / 2,(ssa_media@L4+ssa_media@L5)/2,
40,EQ11040,n_ppt,VAR11044,linha_grupo/L4_L5,PUBLISHED,1,46,EXACT,MATCH,,INFO,HIGH,( VAR11012@L4 + VAR11012@L5 ) / 2,( n_ppt@L4 + n_ppt@L5 ) / 2,(n_ppt@L4+n_ppt@L5)/2,( n_ppt@L4 + n_ppt@L5 ) / 2,(n_ppt@L4+n_ppt@L5)/2,
41,EQ11041,eoc_solids,VAR11046,linha_grupo/L4_L5,PUBLISHED,1,48,EXACT,MATCH,,INFO,HIGH,( VAR11014@L4 + VAR11014@L5 ) / 2,( eoc_solids@L4 + eoc_solids@L5 ) / 2,(eoc_solids@L4+eoc_solids@L5)/2,( eoc_solids@L4 + eoc_solids@L5 ) / 2,(eoc_solids@L4+eoc_solids@L5)/2,
42,EQ11042,producao_base_ppt,VAR11047,linha_grupo/L4_L5,PUBLISHED,1,49,EXACT,MATCH,,INFO,HIGH,VAR11015@L4 + VAR11015@L5,producao_base_ppt@L4 + producao_base_ppt@L5,producao_base_ppt@L4+producao_base_ppt@L5,producao_base_ppt@L4 + producao_base_ppt@L5,producao_base_ppt@L4+producao_base_ppt@L5,
43,EQ11043,yield,VAR11048,linha_grupo/L6_L7,PUBLISHED,1,50,EXACT,MATCH,,INFO,HIGH,( VAR11001@L6*VAR11002@L6 + VAR11001@L7*VAR11002@L7 ) / ( VAR11002@L6 + VAR11002@L7 ),( yield@L6*ltp@L6 + yield@L7*ltp@L7 ) / ( ltp@L6 + ltp@L7 ),(yield@L6*ltp@L6+yield@L7*ltp@L7)/(ltp@L6+ltp@L7),( yield@L6 * ltp@L6 + yield@L7 * ltp@L7 ) / ( ltp@L6 + ltp@L7 ),(yield@L6*ltp@L6+yield@L7*ltp@L7)/(ltp@L6+ltp@L7),
44,EQ11044,ratio_spent,VAR11056,linha_grupo/L6_L7,PUBLISHED,1,58,EXACT,MATCH,,INFO,HIGH,( VAR11008@L6*VAR11002@L6 + VAR11008@L7*VAR11002@L7 ) / ( VAR11002@L6 + VAR11002@L7 ),( ratio_spent@L6*ltp@L6 + ratio_spent@L7*ltp@L7 ) / ( ltp@L6 + ltp@L7 ),(ratio_spent@L6*ltp@L6+ratio_spent@L7*ltp@L7)/(ltp@L6+ltp@L7),( ratio_spent@L6*ltp@L6 + ratio_spent@L7*ltp@L7 ) / ( ltp@L6 + ltp@L7 ),(ratio_spent@L6*ltp@L6+ratio_spent@L7*ltp@L7)/(ltp@L6+ltp@L7),
45,EQ11045,eoc_temp,VAR11061,linha_grupo/L6_L7,PUBLISHED,1,63,EXACT,MATCH,,INFO,HIGH,( VAR11013@L6*VAR11002@L6 + VAR11013@L7*VAR11002@L7 ) / ( VAR11002@L6 + VAR11002@L7 ),( eoc_temp@L6*ltp@L6 + eoc_temp@L7*ltp@L7 ) / ( ltp@L6 + ltp@L7 ),(eoc_temp@L6*ltp@L6+eoc_temp@L7*ltp@L7)/(ltp@L6+ltp@L7),( eoc_temp@L6*ltp@L6 + eoc_temp@L7*ltp@L7 ) / ( ltp@L6 + ltp@L7 ),(eoc_temp@L6*ltp@L6+eoc_temp@L7*ltp@L7)/(ltp@L6+ltp@L7),
46,EQ11046,ltp,VAR11049,linha_grupo/L6_L7,PUBLISHED,1,51,EXACT,MATCH,,INFO,HIGH,( VAR11002@L6 + VAR11002@L7 ) / 2,( ltp@L6 + ltp@L7 ) / 2,(ltp@L6+ltp@L7)/2,( ltp@L6 + ltp@L7 ) / 2,(ltp@L6+ltp@L7)/2,
47,EQ11047,lth,VAR11050,linha_grupo/L6_L7,PUBLISHED,1,52,EXACT,MATCH,,INFO,HIGH,( VAR11003@L6 + VAR11003@L7 ) / 2,( lth@L6 + lth@L7 ) / 2,(lth@L6+lth@L7)/2,( lth@L6 + lth@L7 ) / 2,(lth@L6+lth@L7)/2,
48,EQ11048,oee,VAR11051,linha_grupo/L6_L7,PUBLISHED,1,53,EXACT,MATCH,,INFO,HIGH,( VAR11004@L6 + VAR11004@L7 ) / 2,( oee@L6 + oee@L7 ) / 2,(oee@L6+oee@L7)/2,( oee@L6 + oee@L7 ) / 2,(oee@L6+oee@L7)/2,
49,EQ11049,ltp_lth,VAR11052,linha_grupo/L6_L7,PUBLISHED,1,54,EXACT,MATCH,,INFO,HIGH,( VAR11005@L6 + VAR11005@L7 ) / 2,( ltp_lth@L6 + ltp_lth@L7 ) / 2,(ltp_lth@L6+ltp_lth@L7)/2,( ltp_lth@L6 + ltp_lth@L7 ) / 2,(ltp_lth@L6+ltp_lth@L7)/2,
50,EQ11050,ltp_tc,VAR11053,linha_grupo/L6_L7,PUBLISHED,1,55,EXACT,MATCH,,INFO,HIGH,( PARAM11001@L6 + PARAM11001@L7 ) / 2,( ltp_tc@L6 + ltp_tc@L7 ) / 2,(ltp_tc@L6+ltp_tc@L7)/2,( ltp_tc@L6 + ltp_tc@L7 ) / 2,(ltp_tc@L6+ltp_tc@L7)/2,
51,EQ11051,ltp_a_c,VAR11054,linha_grupo/L6_L7,PUBLISHED,1,56,EXACT,MATCH,,INFO,HIGH,( VAR11006@L6 + VAR11006@L7 ) / 2,( ltp_a_c@L6 + ltp_a_c@L7 ) / 2,(ltp_a_c@L6+ltp_a_c@L7)/2,( ltp_a_c@L6 + ltp_a_c@L7 ) / 2,(ltp_a_c@L6+ltp_a_c@L7)/2,
52,EQ11052,sl_solids,VAR11055,linha_grupo/L6_L7,PUBLISHED,1,57,EXACT,MATCH,,INFO,HIGH,( VAR11007@L6 + VAR11007@L7 ) / 2,( sl_solids@L6 + sl_solids@L7 ) / 2,(sl_solids@L6+sl_solids@L7)/2,( sl_solids@L6 + sl_solids@L7 ) / 2,(sl_solids@L6+sl_solids@L7)/2,
53,EQ11053,ssa_sf,VAR11057,linha_grupo/L6_L7,PUBLISHED,1,59,EXACT,MATCH,,INFO,HIGH,( VAR11009@L6 + VAR11009@L7 ) / 2,( ssa_sf@L6 + ssa_sf@L7 ) / 2,(ssa_sf@L6+ssa_sf@L7)/2,( ssa_sf@L6 + ssa_sf@L7 ) / 2,(ssa_sf@L6+ssa_sf@L7)/2,
54,EQ11054,ssa_sg,VAR11058,linha_grupo/L6_L7,PUBLISHED,1,60,EXACT,MATCH,,INFO,HIGH,( VAR11010@L6 + VAR11010@L7 ) / 2,( ssa_sg@L6 + ssa_sg@L7 ) / 2,(ssa_sg@L6+ssa_sg@L7)/2,( ssa_sg@L6 + ssa_sg@L7 ) / 2,(ssa_sg@L6+ssa_sg@L7)/2,
55,EQ11055,ssa_media,VAR11059,linha_grupo/L6_L7,PUBLISHED,1,61,EXACT,MATCH,,INFO,HIGH,( VAR11011@L6 + VAR11011@L7 ) / 2,( ssa_media@L6 + ssa_media@L7 ) / 2,(ssa_media@L6+ssa_media@L7)/2,( ssa_media@L6 + ssa_media@L7 ) / 2,(ssa_media@L6+ssa_media@L7)/2,
56,EQ11056,n_ppt,VAR11060,linha_grupo/L6_L7,PUBLISHED,1,62,EXACT,MATCH,,INFO,HIGH,( VAR11012@L6 + VAR11012@L7 ) / 2,( n_ppt@L6 + n_ppt@L7 ) / 2,(n_ppt@L6+n_ppt@L7)/2,( n_ppt@L6 + n_ppt@L7 ) / 2,(n_ppt@L6+n_ppt@L7)/2,
57,EQ11057,eoc_solids,VAR11062,linha_grupo/L6_L7,PUBLISHED,1,64,EXACT,MATCH,,INFO,HIGH,( VAR11014@L6 + VAR11014@L7 ) / 2,( eoc_solids@L6 + eoc_solids@L7 ) / 2,(eoc_solids@L6+eoc_solids@L7)/2,( eoc_solids@L6 + eoc_solids@L7 ) / 2,(eoc_solids@L6+eoc_solids@L7)/2,
58,EQ11058,producao_base_ppt,VAR11063,linha_grupo/L6_L7,PUBLISHED,1,65,EXACT,MATCH,,INFO,HIGH,VAR11015@L6 + VAR11015@L7,producao_base_ppt@L6 + producao_base_ppt@L7,producao_base_ppt@L6+producao_base_ppt@L7,producao_base_ppt@L6 + producao_base_ppt@L7,producao_base_ppt@L6+producao_base_ppt@L7,
59,EQ11059,yield_base,VAR11095,linha_grupo/L1_L3,PUBLISHED,1,98,EXACT,MATCH,,INFO,HIGH,( VAR11080@L1*VAR11081@L1 + VAR11080@L2*VAR11081@L2 + VAR11080@L3*VAR11081@L3 ) / ( VAR11081@L1 + VAR11081@L2 + VAR11081@L3 ),( yield_base@L1*ltp_base@L1 + yield_base@L2*ltp_base@L2 + yield_base@L3*ltp_base@L3 ) / ( ltp_base@L1 + ltp_base@L2 + ltp_base@L3 ),(yield_base@L1*ltp_base@L1+yield_base@L2*ltp_base@L2+yield_base@L3*ltp_base@L3)/(ltp_base@L1+ltp_base@L2+ltp_base@L3),( yield_base@L1*ltp_base@L1 + yield_base@L2*ltp_base@L2 + yield_base@L3*ltp_base@L3 ) / ( ltp_base@L1 + ltp_base@L2 + ltp_base@L3 ),(yield_base@L1*ltp_base@L1+yield_base@L2*ltp_base@L2+yield_base@L3*ltp_base@L3)/(ltp_base@L1+ltp_base@L2+ltp_base@L3),
60,EQ11060,ltp_base,VAR11096,linha_grupo/L1_L3,PUBLISHED,1,99,EXACT,MATCH,,INFO,HIGH,( VAR11081@L1 + VAR11081@L2 + VAR11081@L3 ) / 3,( ltp_base@L1 + ltp_base@L2 + ltp_base@L3 ) / 3,(ltp_base@L1+ltp_base@L2+ltp_base@L3)/3,( ltp_base@L1 + ltp_base@L2 + ltp_base@L3 ) / 3,(ltp_base@L1+ltp_base@L2+ltp_base@L3)/3,
61,EQ11061,lth_base,VAR11097,linha_grupo/L1_L3,PUBLISHED,1,100,EXACT,MATCH,,INFO,HIGH,( VAR11082@L1 + VAR11082@L2 + VAR11082@L3 ) / 3,( lth_base@L1 + lth_base@L2 + lth_base@L3 ) / 3,(lth_base@L1+lth_base@L2+lth_base@L3)/3,( lth_base@L1 + lth_base@L2 + lth_base@L3 ) / 3,(lth_base@L1+lth_base@L2+lth_base@L3)/3,
62,EQ11062,oee_base,VAR11098,linha_grupo/L1_L3,PUBLISHED,1,101,EXACT,MATCH,,INFO,HIGH,( VAR11083@L1 + VAR11083@L2 + VAR11083@L3 ) / 3,( oee_base@L1 + oee_base@L2 + oee_base@L3 ) / 3,(oee_base@L1+oee_base@L2+oee_base@L3)/3,( oee_base@L1 + oee_base@L2 + oee_base@L3 ) / 3,(oee_base@L1+oee_base@L2+oee_base@L3)/3,
63,EQ11063,ltp_lth_base,VAR11099,linha_grupo/L1_L3,PUBLISHED,1,102,EXACT,MATCH,,INFO,HIGH,( VAR11084@L1 + VAR11084@L2 + VAR11084@L3 ) / 3,( ltp_lth_base@L1 + ltp_lth_base@L2 + ltp_lth_base@L3 ) / 3,(ltp_lth_base@L1+ltp_lth_base@L2+ltp_lth_base@L3)/3,( ltp_lth_base@L1 + ltp_lth_base@L2 + ltp_lth_base@L3 ) / 3,(ltp_lth_base@L1+ltp_lth_base@L2+ltp_lth_base@L3)/3,
64,EQ11064,ltp_tc_base,VAR11100,linha_grupo/L1_L3,PUBLISHED,1,103,EXACT,MATCH,,INFO,HIGH,( PARAM11002@L1 + PARAM11002@L2 + PARAM11002@L3 ) / 3,( ltp_tc_base@L1 + ltp_tc_base@L2 + ltp_tc_base@L3 ) / 3,(ltp_tc_base@L1+ltp_tc_base@L2+ltp_tc_base@L3)/3,( ltp_tc_base@L1 + ltp_tc_base@L2 + ltp_tc_base@L3 ) / 3,(ltp_tc_base@L1+ltp_tc_base@L2+ltp_tc_base@L3)/3,
65,EQ11065,ltp_a_c_base,VAR11101,linha_grupo/L1_L3,PUBLISHED,1,104,EXACT,MATCH,,INFO,HIGH,( VAR11085@L1 + VAR11085@L2 + VAR11085@L3 ) / 3,( ltp_a_c_base@L1 + ltp_a_c_base@L2 + ltp_a_c_base@L3 ) / 3,(ltp_a_c_base@L1+ltp_a_c_base@L2+ltp_a_c_base@L3)/3,( ltp_a_c_base@L1 + ltp_a_c_base@L2 + ltp_a_c_base@L3 ) / 3,(ltp_a_c_base@L1+ltp_a_c_base@L2+ltp_a_c_base@L3)/3,
66,EQ11066,sl_solids_base,VAR11102,linha_grupo/L1_L3,PUBLISHED,1,105,EXACT,MATCH,,INFO,HIGH,( VAR11086@L1 + VAR11086@L2 + VAR11086@L3 ) / 3,( sl_solids_base@L1 + sl_solids_base@L2 + sl_solids_base@L3 ) / 3,(sl_solids_base@L1+sl_solids_base@L2+sl_solids_base@L3)/3,( sl_solids_base@L1 + sl_solids_base@L2 + sl_solids_base@L3 ) / 3,(sl_solids_base@L1+sl_solids_base@L2+sl_solids_base@L3)/3,
67,EQ11067,ratio_spent_base,VAR11103,linha_grupo/L1_L3,PUBLISHED,1,106,EXACT,MATCH,,INFO,HIGH,( VAR11087@L1 + VAR11087@L2 + VAR11087@L3 ) / 3,( ratio_spent_base@L1 + ratio_spent_base@L2 + ratio_spent_base@L3 ) / 3,(ratio_spent_base@L1+ratio_spent_base@L2+ratio_spent_base@L3)/3,( ratio_spent_base@L1 + ratio_spent_base@L2 + ratio_spent_base@L3 ) / 3,(ratio_spent_base@L1+ratio_spent_base@L2+ratio_spent_base@L3)/3,
68,EQ11068,ssa_sf_base,VAR11104,linha_grupo/L1_L3,PUBLISHED,1,107,EXACT,MATCH,,INFO,HIGH,( VAR11088@L1 + VAR11088@L2 + VAR11088@L3 ) / 3,( ssa_sf_base@L1 + ssa_sf_base@L2 + ssa_sf_base@L3 ) / 3,(ssa_sf_base@L1+ssa_sf_base@L2+ssa_sf_base@L3)/3,( ssa_sf_base@L1 + ssa_sf_base@L2 + ssa_sf_base@L3 ) / 3,(ssa_sf_base@L1+ssa_sf_base@L2+ssa_sf_base@L3)/3,
69,EQ11069,ssa_sg_base,VAR11105,linha_grupo/L1_L3,PUBLISHED,1,108,EXACT,MATCH,,INFO,HIGH,( VAR11089@L1 + VAR11089@L2 + VAR11089@L3 ) / 3,( ssa_sg_base@L1 + ssa_sg_base@L2 + ssa_sg_base@L3 ) / 3,(ssa_sg_base@L1+ssa_sg_base@L2+ssa_sg_base@L3)/3,( ssa_sg_base@L1 + ssa_sg_base@L2 + ssa_sg_base@L3 ) / 3,(ssa_sg_base@L1+ssa_sg_base@L2+ssa_sg_base@L3)/3,
70,EQ11070,ssa_media_base,VAR11106,linha_grupo/L1_L3,PUBLISHED,1,109,EXACT,MATCH,,INFO,HIGH,( VAR11090@L1 + VAR11090@L2 + VAR11090@L3 ) / 3,( ssa_media_base@L1 + ssa_media_base@L2 + ssa_media_base@L3 ) / 3,(ssa_media_base@L1+ssa_media_base@L2+ssa_media_base@L3)/3,( ssa_media_base@L1 + ssa_media_base@L2 + ssa_media_base@L3 ) / 3,(ssa_media_base@L1+ssa_media_base@L2+ssa_media_base@L3)/3,
71,EQ11071,n_ppt_base,VAR11107,linha_grupo/L1_L3,PUBLISHED,1,110,EXACT,MATCH,,INFO,HIGH,( VAR11091@L1 + VAR11091@L2 + VAR11091@L3 ) / 3,( n_ppt_base@L1 + n_ppt_base@L2 + n_ppt_base@L3 ) / 3,(n_ppt_base@L1+n_ppt_base@L2+n_ppt_base@L3)/3,( n_ppt_base@L1 + n_ppt_base@L2 + n_ppt_base@L3 ) / 3,(n_ppt_base@L1+n_ppt_base@L2+n_ppt_base@L3)/3,
72,EQ11072,eoc_temp_base,VAR11108,linha_grupo/L1_L3,PUBLISHED,1,111,EXACT,MATCH,,INFO,HIGH,( VAR11092@L1 + VAR11092@L2 + VAR11092@L3 ) / 3,( eoc_temp_base@L1 + eoc_temp_base@L2 + eoc_temp_base@L3 ) / 3,(eoc_temp_base@L1+eoc_temp_base@L2+eoc_temp_base@L3)/3,( eoc_temp_base@L1 + eoc_temp_base@L2 + eoc_temp_base@L3 ) / 3,(eoc_temp_base@L1+eoc_temp_base@L2+eoc_temp_base@L3)/3,
73,EQ11073,eoc_solids_base,VAR11109,linha_grupo/L1_L3,PUBLISHED,1,112,EXACT,MATCH,,INFO,HIGH,( VAR11093@L1 + VAR11093@L2 + VAR11093@L3 ) / 3,( eoc_solids_base@L1 + eoc_solids_base@L2 + eoc_solids_base@L3 ) / 3,(eoc_solids_base@L1+eoc_solids_base@L2+eoc_solids_base@L3)/3,( eoc_solids_base@L1 + eoc_solids_base@L2 + eoc_solids_base@L3 ) / 3,(eoc_solids_base@L1+eoc_solids_base@L2+eoc_solids_base@L3)/3,
74,EQ11074,producao_base_ppt_base,VAR11110,linha_grupo/L1_L3,PUBLISHED,1,113,EXACT,MATCH,,INFO,HIGH,VAR11094@L1 + VAR11094@L2 + VAR11094@L3,producao_base_ppt_base@L1 + producao_base_ppt_base@L2 + producao_base_ppt_base@L3,producao_base_ppt_base@L1+producao_base_ppt_base@L2+producao_base_ppt_base@L3,producao_base_ppt_base@L1 + producao_base_ppt_base@L2 + producao_base_ppt_base@L3,producao_base_ppt_base@L1+producao_base_ppt_base@L2+producao_base_ppt_base@L3,
75,EQ11075,yield_base,VAR11111,linha_grupo/L4_L5,PUBLISHED,1,114,EXACT,MATCH,,INFO,HIGH,( VAR11080@L4*VAR11081@L4 + VAR11080@L5*VAR11081@L5 ) / ( VAR11081@L4 + VAR11081@L5 ),( yield_base@L4*ltp_base@L4 + yield_base@L5*ltp_base@L5 ) / ( ltp_base@L4 + ltp_base@L5 ),(yield_base@L4*ltp_base@L4+yield_base@L5*ltp_base@L5)/(ltp_base@L4+ltp_base@L5),( yield_base@L4 * ltp_base@L4 + yield_base@L5 * ltp_base@L5 ) / ( ltp_base@L4 + ltp_base@L5 ),(yield_base@L4*ltp_base@L4+yield_base@L5*ltp_base@L5)/(ltp_base@L4+ltp_base@L5),
76,EQ11076,ltp_base,VAR11112,linha_grupo/L4_L5,PUBLISHED,1,115,EXACT,MATCH,,INFO,HIGH,( VAR11081@L4 + VAR11081@L5 ) / 2,( ltp_base@L4 + ltp_base@L5 ) / 2,(ltp_base@L4+ltp_base@L5)/2,( ltp_base@L4 + ltp_base@L5 ) / 2,(ltp_base@L4+ltp_base@L5)/2,
77,EQ11077,lth_base,VAR11113,linha_grupo/L4_L5,PUBLISHED,1,116,EXACT,MATCH,,INFO,HIGH,( VAR11082@L4 + VAR11082@L5 ) / 2,( lth_base@L4 + lth_base@L5 ) / 2,(lth_base@L4+lth_base@L5)/2,( lth_base@L4 + lth_base@L5 ) / 2,(lth_base@L4+lth_base@L5)/2,
78,EQ11078,oee_base,VAR11114,linha_grupo/L4_L5,PUBLISHED,1,117,EXACT,MATCH,,INFO,HIGH,( VAR11083@L4 + VAR11083@L5 ) / 2,( oee_base@L4 + oee_base@L5 ) / 2,(oee_base@L4+oee_base@L5)/2,( oee_base@L4 + oee_base@L5 ) / 2,(oee_base@L4+oee_base@L5)/2,
79,EQ11079,ltp_lth_base,VAR11115,linha_grupo/L4_L5,PUBLISHED,1,118,EXACT,MATCH,,INFO,HIGH,( VAR11084@L4 + VAR11084@L5 ) / 2,( ltp_lth_base@L4 + ltp_lth_base@L5 ) / 2,(ltp_lth_base@L4+ltp_lth_base@L5)/2,( ltp_lth_base@L4 + ltp_lth_base@L5 ) / 2,(ltp_lth_base@L4+ltp_lth_base@L5)/2,
80,EQ11080,ltp_tc_base,VAR11116,linha_grupo/L4_L5,PUBLISHED,1,119,EXACT,MATCH,,INFO,HIGH,( PARAM11002@L4 + PARAM11002@L5 ) / 2,( ltp_tc_base@L4 + ltp_tc_base@L5 ) / 2,(ltp_tc_base@L4+ltp_tc_base@L5)/2,( ltp_tc_base@L4 + ltp_tc_base@L5 ) / 2,(ltp_tc_base@L4+ltp_tc_base@L5)/2,
81,EQ11081,ltp_a_c_base,VAR11117,linha_grupo/L4_L5,PUBLISHED,1,120,EXACT,MATCH,,INFO,HIGH,( VAR11085@L4 + VAR11085@L5 ) / 2,( ltp_a_c_base@L4 + ltp_a_c_base@L5 ) / 2,(ltp_a_c_base@L4+ltp_a_c_base@L5)/2,( ltp_a_c_base@L4 + ltp_a_c_base@L5 ) / 2,(ltp_a_c_base@L4+ltp_a_c_base@L5)/2,
82,EQ11082,sl_solids_base,VAR11118,linha_grupo/L4_L5,PUBLISHED,1,121,EXACT,MATCH,,INFO,HIGH,( VAR11086@L4 + VAR11086@L5 ) / 2,( sl_solids_base@L4 + sl_solids_base@L5 ) / 2,(sl_solids_base@L4+sl_solids_base@L5)/2,( sl_solids_base@L4 + sl_solids_base@L5 ) / 2,(sl_solids_base@L4+sl_solids_base@L5)/2,
83,EQ11083,ratio_spent_base,VAR11119,linha_grupo/L4_L5,PUBLISHED,1,122,EXACT,MATCH,,INFO,HIGH,( VAR11087@L4 + VAR11087@L5 ) / 2,( ratio_spent_base@L4 + ratio_spent_base@L5 ) / 2,(ratio_spent_base@L4+ratio_spent_base@L5)/2,( ratio_spent_base@L4 + ratio_spent_base@L5 ) / 2,(ratio_spent_base@L4+ratio_spent_base@L5)/2,
84,EQ11084,ssa_sf_base,VAR11120,linha_grupo/L4_L5,PUBLISHED,1,123,EXACT,MATCH,,INFO,HIGH,( VAR11088@L4 + VAR11088@L5 ) / 2,( ssa_sf_base@L4 + ssa_sf_base@L5 ) / 2,(ssa_sf_base@L4+ssa_sf_base@L5)/2,( ssa_sf_base@L4 + ssa_sf_base@L5 ) / 2,(ssa_sf_base@L4+ssa_sf_base@L5)/2,
85,EQ11085,ssa_sg_base,VAR11121,linha_grupo/L4_L5,PUBLISHED,1,124,EXACT,MATCH,,INFO,HIGH,( VAR11089@L4 + VAR11089@L5 ) / 2,( ssa_sg_base@L4 + ssa_sg_base@L5 ) / 2,(ssa_sg_base@L4+ssa_sg_base@L5)/2,( ssa_sg_base@L4 + ssa_sg_base@L5 ) / 2,(ssa_sg_base@L4+ssa_sg_base@L5)/2,
86,EQ11086,ssa_media_base,VAR11122,linha_grupo/L4_L5,PUBLISHED,1,125,EXACT,MATCH,,INFO,HIGH,( VAR11090@L4 + VAR11090@L5 ) / 2,( ssa_media_base@L4 + ssa_media_base@L5 ) / 2,(ssa_media_base@L4+ssa_media_base@L5)/2,( ssa_media_base@L4 + ssa_media_base@L5 ) / 2,(ssa_media_base@L4+ssa_media_base@L5)/2,
87,EQ11087,n_ppt_base,VAR11123,linha_grupo/L4_L5,PUBLISHED,1,126,EXACT,MATCH,,INFO,HIGH,( VAR11091@L4 + VAR11091@L5 ) / 2,( n_ppt_base@L4 + n_ppt_base@L5 ) / 2,(n_ppt_base@L4+n_ppt_base@L5)/2,( n_ppt_base@L4 + n_ppt_base@L5 ) / 2,(n_ppt_base@L4+n_ppt_base@L5)/2,
88,EQ11088,eoc_temp_base,VAR11124,linha_grupo/L4_L5,PUBLISHED,1,127,EXACT,MATCH,,INFO,HIGH,( VAR11092@L4 + VAR11092@L5 ) / 2,( eoc_temp_base@L4 + eoc_temp_base@L5 ) / 2,(eoc_temp_base@L4+eoc_temp_base@L5)/2,( eoc_temp_base@L4 + eoc_temp_base@L5 ) / 2,(eoc_temp_base@L4+eoc_temp_base@L5)/2,
89,EQ11089,eoc_solids_base,VAR11125,linha_grupo/L4_L5,PUBLISHED,1,128,EXACT,MATCH,,INFO,HIGH,( VAR11093@L4 + VAR11093@L5 ) / 2,( eoc_solids_base@L4 + eoc_solids_base@L5 ) / 2,(eoc_solids_base@L4+eoc_solids_base@L5)/2,( eoc_solids_base@L4 + eoc_solids_base@L5 ) / 2,(eoc_solids_base@L4+eoc_solids_base@L5)/2,
90,EQ11090,producao_base_ppt_base,VAR11126,linha_grupo/L4_L5,PUBLISHED,1,129,EXACT,MATCH,,INFO,HIGH,VAR11094@L4 + VAR11094@L5,producao_base_ppt_base@L4 + producao_base_ppt_base@L5,producao_base_ppt_base@L4+producao_base_ppt_base@L5,producao_base_ppt_base@L4 + producao_base_ppt_base@L5,producao_base_ppt_base@L4+producao_base_ppt_base@L5,
91,EQ11091,yield_base,VAR11127,linha_grupo/L6_L7,PUBLISHED,1,130,EXACT,MATCH,,INFO,HIGH,( VAR11080@L6*VAR11081@L6 + VAR11080@L7*VAR11081@L7 ) / ( VAR11081@L6 + VAR11081@L7 ),( yield_base@L6*ltp_base@L6 + yield_base@L7*ltp_base@L7 ) / ( ltp_base@L6 + ltp_base@L7 ),(yield_base@L6*ltp_base@L6+yield_base@L7*ltp_base@L7)/(ltp_base@L6+ltp_base@L7),( yield_base@L6 * ltp_base@L6 + yield_base@L7 * ltp_base@L7 ) / ( ltp_base@L6 + ltp_base@L7 ),(yield_base@L6*ltp_base@L6+yield_base@L7*ltp_base@L7)/(ltp_base@L6+ltp_base@L7),
92,EQ11092,ltp_base,VAR11128,linha_grupo/L6_L7,PUBLISHED,1,131,EXACT,MATCH,,INFO,HIGH,( VAR11081@L6 + VAR11081@L7 ) / 2,( ltp_base@L6 + ltp_base@L7 ) / 2,(ltp_base@L6+ltp_base@L7)/2,( ltp_base@L6 + ltp_base@L7 ) / 2,(ltp_base@L6+ltp_base@L7)/2,
93,EQ11093,lth_base,VAR11129,linha_grupo/L6_L7,PUBLISHED,1,132,EXACT,MATCH,,INFO,HIGH,( VAR11082@L6 + VAR11082@L7 ) / 2,( lth_base@L6 + lth_base@L7 ) / 2,(lth_base@L6+lth_base@L7)/2,( lth_base@L6 + lth_base@L7 ) / 2,(lth_base@L6+lth_base@L7)/2,
94,EQ11094,oee_base,VAR11130,linha_grupo/L6_L7,PUBLISHED,1,133,EXACT,MATCH,,INFO,HIGH,( VAR11083@L6 + VAR11083@L7 ) / 2,( oee_base@L6 + oee_base@L7 ) / 2,(oee_base@L6+oee_base@L7)/2,( oee_base@L6 + oee_base@L7 ) / 2,(oee_base@L6+oee_base@L7)/2,
95,EQ11095,ltp_lth_base,VAR11131,linha_grupo/L6_L7,PUBLISHED,1,134,EXACT,MATCH,,INFO,HIGH,( VAR11084@L6 + VAR11084@L7 ) / 2,( ltp_lth_base@L6 + ltp_lth_base@L7 ) / 2,(ltp_lth_base@L6+ltp_lth_base@L7)/2,( ltp_lth_base@L6 + ltp_lth_base@L7 ) / 2,(ltp_lth_base@L6+ltp_lth_base@L7)/2,
96,EQ11096,ltp_tc_base,VAR11132,linha_grupo/L6_L7,PUBLISHED,1,135,EXACT,MATCH,,INFO,HIGH,( PARAM11002@L6 + PARAM11002@L7 ) / 2,( ltp_tc_base@L6 + ltp_tc_base@L7 ) / 2,(ltp_tc_base@L6+ltp_tc_base@L7)/2,( ltp_tc_base@L6 + ltp_tc_base@L7 ) / 2,(ltp_tc_base@L6+ltp_tc_base@L7)/2,
97,EQ11097,ltp_a_c_base,VAR11133,linha_grupo/L6_L7,PUBLISHED,1,136,EXACT,MATCH,,INFO,HIGH,( VAR11085@L6 + VAR11085@L7 ) / 2,( ltp_a_c_base@L6 + ltp_a_c_base@L7 ) / 2,(ltp_a_c_base@L6+ltp_a_c_base@L7)/2,( ltp_a_c_base@L6 + ltp_a_c_base@L7 ) / 2,(ltp_a_c_base@L6+ltp_a_c_base@L7)/2,
98,EQ11098,sl_solids_base,VAR11134,linha_grupo/L6_L7,PUBLISHED,1,137,EXACT,MATCH,,INFO,HIGH,( VAR11086@L6 + VAR11086@L7 ) / 2,( sl_solids_base@L6 + sl_solids_base@L7 ) / 2,(sl_solids_base@L6+sl_solids_base@L7)/2,( sl_solids_base@L6 + sl_solids_base@L7 ) / 2,(sl_solids_base@L6+sl_solids_base@L7)/2,
99,EQ11099,ratio_spent_base,VAR11135,linha_grupo/L6_L7,PUBLISHED,1,138,EXACT,MATCH,,INFO,HIGH,( VAR11087@L6 + VAR11087@L7 ) / 2,( ratio_spent_base@L6 + ratio_spent_base@L7 ) / 2,(ratio_spent_base@L6+ratio_spent_base@L7)/2,( ratio_spent_base@L6 + ratio_spent_base@L7 ) / 2,(ratio_spent_base@L6+ratio_spent_base@L7)/2,
100,EQ11100,ssa_sf_base,VAR11136,linha_grupo/L6_L7,PUBLISHED,1,139,EXACT,MATCH,,INFO,HIGH,( VAR11088@L6 + VAR11088@L7 ) / 2,( ssa_sf_base@L6 + ssa_sf_base@L7 ) / 2,(ssa_sf_base@L6+ssa_sf_base@L7)/2,( ssa_sf_base@L6 + ssa_sf_base@L7 ) / 2,(ssa_sf_base@L6+ssa_sf_base@L7)/2,
101,EQ11101,ssa_sg_base,VAR11137,linha_grupo/L6_L7,PUBLISHED,1,140,EXACT,MATCH,,INFO,HIGH,( VAR11089@L6 + VAR11089@L7 ) / 2,( ssa_sg_base@L6 + ssa_sg_base@L7 ) / 2,(ssa_sg_base@L6+ssa_sg_base@L7)/2,( ssa_sg_base@L6 + ssa_sg_base@L7 ) / 2,(ssa_sg_base@L6+ssa_sg_base@L7)/2,
102,EQ11102,ssa_media_base,VAR11138,linha_grupo/L6_L7,PUBLISHED,1,141,EXACT,MATCH,,INFO,HIGH,( VAR11090@L6 + VAR11090@L7 ) / 2,( ssa_media_base@L6 + ssa_media_base@L7 ) / 2,(ssa_media_base@L6+ssa_media_base@L7)/2,( ssa_media_base@L6 + ssa_media_base@L7 ) / 2,(ssa_media_base@L6+ssa_media_base@L7)/2,
103,EQ11103,n_ppt_base,VAR11139,linha_grupo/L6_L7,PUBLISHED,1,142,EXACT,MATCH,,INFO,HIGH,( VAR11091@L6 + VAR11091@L7 ) / 2,( n_ppt_base@L6 + n_ppt_base@L7 ) / 2,(n_ppt_base@L6+n_ppt_base@L7)/2,( n_ppt_base@L6 + n_ppt_base@L7 ) / 2,(n_ppt_base@L6+n_ppt_base@L7)/2,
104,EQ11104,eoc_temp_base,VAR11140,linha_grupo/L6_L7,PUBLISHED,1,143,EXACT,MATCH,,INFO,HIGH,( VAR11092@L6 + VAR11092@L7 ) / 2,( eoc_temp_base@L6 + eoc_temp_base@L7 ) / 2,(eoc_temp_base@L6+eoc_temp_base@L7)/2,( eoc_temp_base@L6 + eoc_temp_base@L7 ) / 2,(eoc_temp_base@L6+eoc_temp_base@L7)/2,
105,EQ11105,eoc_solids_base,VAR11141,linha_grupo/L6_L7,PUBLISHED,1,144,EXACT,MATCH,,INFO,HIGH,( VAR11093@L6 + VAR11093@L7 ) / 2,( eoc_solids_base@L6 + eoc_solids_base@L7 ) / 2,(eoc_solids_base@L6+eoc_solids_base@L7)/2,( eoc_solids_base@L6 + eoc_solids_base@L7 ) / 2,(eoc_solids_base@L6+eoc_solids_base@L7)/2,
106,EQ11106,producao_base_ppt_base,VAR11142,linha_grupo/L6_L7,PUBLISHED,1,145,EXACT,MATCH,,INFO,HIGH,VAR11094@L6 + VAR11094@L7,producao_base_ppt_base@L6 + producao_base_ppt_base@L7,producao_base_ppt_base@L6+producao_base_ppt_base@L7,producao_base_ppt_base@L6 + producao_base_ppt_base@L7,producao_base_ppt_base@L6+producao_base_ppt_base@L7,
