consumer,source,instance,period_id,expected_value,expected_state,expected_detail,received_value,received_state,received_detail,result
yield.VAR11031,production.VAR12031,linha/L1,2026-09-01,1001.0,INVALID_INPUT,VAR12031|L1|1,1001.0,INVALID_INPUT,VAR12031|L1|1,OK
yield.VAR11031,production.VAR12031,linha/L2,2026-09-01,1002.0,VALIDATION_FAILED,VAR12031|L2|2,1002.0,VALIDATION_FAILED,VAR12031|L2|2,OK
yield.VAR11031,production.VAR12031,linha/L3,2026-09-01,1003.0,NO_APPLICABLE_RULE,VAR12031|L3|3,1003.0,NO_APPLICABLE_RULE,VAR12031|L3|3,OK
yield.VAR11031,production.VAR12031,linha/L4,2026-09-01,1004.0,,,1004.0,,,OK
yield.VAR11031,production.VAR12031,linha/L5,2026-09-01,1005.0,VALIDATION_FAILED,,1005.0,VALIDATION_FAILED,,OK
yield.VAR11031,production.VAR12031,linha/L6,2026-09-01,1006.0,NO_APPLICABLE_RULE,VAR12031|L6|6,1006.0,NO_APPLICABLE_RULE,VAR12031|L6|6,OK
yield.VAR11031,production.VAR12031,linha/L7,2026-09-01,1007.0,INVALID_INPUT,VAR12031|L7|7,1007.0,INVALID_INPUT,VAR12031|L7|7,OK
production.VAR12062,yield.VAR11226,linha/L1,2026-09-01,1008.0,,,1008.0,,,OK
production.VAR12062,yield.VAR11226,linha/L2,2026-09-01,1009.0,NO_APPLICABLE_RULE,VAR11226|L2|9,1009.0,NO_APPLICABLE_RULE,VAR11226|L2|9,OK
production.VAR12062,yield.VAR11226,linha/L3,2026-09-01,1010.0,INVALID_INPUT,,1010.0,INVALID_INPUT,,OK
production.VAR12062,yield.VAR11226,linha/L4,2026-09-01,1011.0,VALIDATION_FAILED,VAR11226|L4|11,1011.0,VALIDATION_FAILED,VAR11226|L4|11,OK
production.VAR12062,yield.VAR11226,linha/L5,2026-09-01,1012.0,,,1012.0,,,OK
production.VAR12062,yield.VAR11226,linha/L6,2026-09-01,1013.0,INVALID_INPUT,VAR11226|L6|13,1013.0,INVALID_INPUT,VAR11226|L6|13,OK
production.VAR12062,yield.VAR11226,linha/L7,2026-09-01,1014.0,VALIDATION_FAILED,VAR11226|L7|14,1014.0,VALIDATION_FAILED,VAR11226|L7|14,OK
max_ht.VAR13062,production.VAR12031,linha/L1,2026-09-01,1001.0,INVALID_INPUT,VAR12031|L1|1,1001.0,INVALID_INPUT,VAR12031|L1|1,OK
max_ht.VAR13062,production.VAR12031,linha/L2,2026-09-01,1002.0,VALIDATION_FAILED,VAR12031|L2|2,1002.0,VALIDATION_FAILED,VAR12031|L2|2,OK
max_ht.VAR13062,production.VAR12031,linha/L3,2026-09-01,1003.0,NO_APPLICABLE_RULE,VAR12031|L3|3,1003.0,NO_APPLICABLE_RULE,VAR12031|L3|3,OK
max_ht.VAR13062,production.VAR12031,linha/L4,2026-09-01,1004.0,,,1004.0,,,OK
max_ht.VAR13062,production.VAR12031,linha/L5,2026-09-01,1005.0,VALIDATION_FAILED,,1005.0,VALIDATION_FAILED,,OK
max_ht.VAR13062,production.VAR12031,linha/L6,2026-09-01,1006.0,NO_APPLICABLE_RULE,VAR12031|L6|6,1006.0,NO_APPLICABLE_RULE,VAR12031|L6|6,OK
max_ht.VAR13062,production.VAR12031,linha/L7,2026-09-01,1007.0,INVALID_INPUT,VAR12031|L7|7,1007.0,INVALID_INPUT,VAR12031|L7|7,OK
max_ht.VAR13092,production.VAR12046,linha/L1,2026-09-01,1015.0,NO_APPLICABLE_RULE,,1015.0,NO_APPLICABLE_RULE,,OK
max_ht.VAR13092,production.VAR12046,linha/L2,2026-09-01,1016.0,,,1016.0,,,OK
max_ht.VAR13092,production.VAR12046,linha/L3,2026-09-01,1017.0,VALIDATION_FAILED,VAR12046|L3|17,1017.0,VALIDATION_FAILED,VAR12046|L3|17,OK
max_ht.VAR13092,production.VAR12046,linha/L4,2026-09-01,1018.0,NO_APPLICABLE_RULE,VAR12046|L4|18,1018.0,NO_APPLICABLE_RULE,VAR12046|L4|18,OK
max_ht.VAR13092,production.VAR12046,linha/L5,2026-09-01,1019.0,INVALID_INPUT,VAR12046|L5|19,1019.0,INVALID_INPUT,VAR12046|L5|19,OK
max_ht.VAR13092,production.VAR12046,linha/L6,2026-09-01,1020.0,,,1020.0,,,OK
max_ht.VAR13092,production.VAR12046,linha/L7,2026-09-01,1021.0,NO_APPLICABLE_RULE,VAR12046|L7|21,1021.0,NO_APPLICABLE_RULE,VAR12046|L7|21,OK
area_41.VAR16007,yield.VAR11031,linha/L1,2026-09-01,1001.0,INVALID_INPUT,VAR12031|L1|1,1001.0,INVALID_INPUT,VAR12031|L1|1,OK
area_41.VAR16007,yield.VAR11031,linha/L2,2026-09-01,1002.0,VALIDATION_FAILED,VAR12031|L2|2,1002.0,VALIDATION_FAILED,VAR12031|L2|2,OK
area_41.VAR16007,yield.VAR11031,linha/L3,2026-09-01,1003.0,NO_APPLICABLE_RULE,VAR12031|L3|3,1003.0,NO_APPLICABLE_RULE,VAR12031|L3|3,OK
area_41.VAR16007,yield.VAR11031,linha/L4,2026-09-01,1004.0,,,1004.0,,,OK
area_41.VAR16007,yield.VAR11031,linha/L5,2026-09-01,1005.0,VALIDATION_FAILED,,1005.0,VALIDATION_FAILED,,OK
area_41.VAR16007,yield.VAR11031,linha/L6,2026-09-01,1006.0,NO_APPLICABLE_RULE,VAR12031|L6|6,1006.0,NO_APPLICABLE_RULE,VAR12031|L6|6,OK
area_41.VAR16007,yield.VAR11031,linha/L7,2026-09-01,1007.0,INVALID_INPUT,VAR12031|L7|7,1007.0,INVALID_INPUT,VAR12031|L7|7,OK
energy.VAR18001,production.VAR12046,linha/L1,2026-09-01,1015.0,NO_APPLICABLE_RULE,,1015.0,NO_APPLICABLE_RULE,,OK
energy.VAR18001,production.VAR12046,linha/L2,2026-09-01,1016.0,,,1016.0,,,OK
energy.VAR18001,production.VAR12046,linha/L3,2026-09-01,1017.0,VALIDATION_FAILED,VAR12046|L3|17,1017.0,VALIDATION_FAILED,VAR12046|L3|17,OK
energy.VAR18001,production.VAR12046,linha/L4,2026-09-01,1018.0,NO_APPLICABLE_RULE,VAR12046|L4|18,1018.0,NO_APPLICABLE_RULE,VAR12046|L4|18,OK
energy.VAR18001,production.VAR12046,linha/L5,2026-09-01,1019.0,INVALID_INPUT,VAR12046|L5|19,1019.0,INVALID_INPUT,VAR12046|L5|19,OK
energy.VAR18001,production.VAR12046,linha/L6,2026-09-01,1020.0,,,1020.0,,,OK
energy.VAR18001,production.VAR12046,linha/L7,2026-09-01,1021.0,NO_APPLICABLE_RULE,VAR12046|L7|21,1021.0,NO_APPLICABLE_RULE,VAR12046|L7|21,OK
energy.VAR18005,production.VAR12041,linha/L1,2026-09-01,1022.0,INVALID_INPUT,VAR12041|L1|22,1022.0,INVALID_INPUT,VAR12041|L1|22,OK
energy.VAR18005,production.VAR12041,linha/L2,2026-09-01,1023.0,VALIDATION_FAILED,VAR12041|L2|23,1023.0,VALIDATION_FAILED,VAR12041|L2|23,OK
energy.VAR18005,production.VAR12041,linha/L3,2026-09-01,1024.0,,,1024.0,,,OK
energy.VAR18005,production.VAR12041,linha/L4,2026-09-01,1025.0,INVALID_INPUT,,1025.0,INVALID_INPUT,,OK
energy.VAR18005,production.VAR12041,linha/L5,2026-09-01,1026.0,VALIDATION_FAILED,VAR12041|L5|26,1026.0,VALIDATION_FAILED,VAR12041|L5|26,OK
energy.VAR18005,production.VAR12041,linha/L6,2026-09-01,1027.0,NO_APPLICABLE_RULE,VAR12041|L6|27,1027.0,NO_APPLICABLE_RULE,VAR12041|L6|27,OK
energy.VAR18005,production.VAR12041,linha/L7,2026-09-01,1028.0,,,1028.0,,,OK
energy.VAR18006,production.VAR12043,linha_grupo/L1_L7,2026-09-01,1029.0,VALIDATION_FAILED,VAR12043|L1_L7|29,1029.0,VALIDATION_FAILED,VAR12043|L1_L7|29,OK
energy.VAR18007,production.VAR12044,linha_grupo/L1_L7,2026-09,1030.0,NO_APPLICABLE_RULE,,1030.0,NO_APPLICABLE_RULE,,OK
energy.VAR18008,production.VAR12031,linha/L1,2026-09-01,1001.0,INVALID_INPUT,VAR12031|L1|1,1001.0,INVALID_INPUT,VAR12031|L1|1,OK
energy.VAR18008,production.VAR12031,linha/L2,2026-09-01,1002.0,VALIDATION_FAILED,VAR12031|L2|2,1002.0,VALIDATION_FAILED,VAR12031|L2|2,OK
energy.VAR18008,production.VAR12031,linha/L3,2026-09-01,1003.0,NO_APPLICABLE_RULE,VAR12031|L3|3,1003.0,NO_APPLICABLE_RULE,VAR12031|L3|3,OK
energy.VAR18008,production.VAR12031,linha/L4,2026-09-01,1004.0,,,1004.0,,,OK
energy.VAR18008,production.VAR12031,linha/L5,2026-09-01,1005.0,VALIDATION_FAILED,,1005.0,VALIDATION_FAILED,,OK
energy.VAR18008,production.VAR12031,linha/L6,2026-09-01,1006.0,NO_APPLICABLE_RULE,VAR12031|L6|6,1006.0,NO_APPLICABLE_RULE,VAR12031|L6|6,OK
energy.VAR18008,production.VAR12031,linha/L7,2026-09-01,1007.0,INVALID_INPUT,VAR12031|L7|7,1007.0,INVALID_INPUT,VAR12031|L7|7,OK
energy.VAR18009,production.VAR12033,linha_grupo/L1_L7,2026-09-01,1031.0,INVALID_INPUT,VAR12033|L1_L7|31,1031.0,INVALID_INPUT,VAR12033|L1_L7|31,OK
energy.VAR18010,production.VAR12034,linha_grupo/L1_L7,2026-09,1032.0,,,1032.0,,,OK
energy.VAR18011,production.VAR12066,linha/L1,2026,1033.0,NO_APPLICABLE_RULE,VAR12066|L1|33,1033.0,NO_APPLICABLE_RULE,VAR12066|L1|33,OK
energy.VAR18011,production.VAR12066,linha/L2,2026,1034.0,INVALID_INPUT,VAR12066|L2|34,1034.0,INVALID_INPUT,VAR12066|L2|34,OK
energy.VAR18011,production.VAR12066,linha/L3,2026,1035.0,VALIDATION_FAILED,,1035.0,VALIDATION_FAILED,,OK
energy.VAR18011,production.VAR12066,linha/L4,2026,1036.0,,,1036.0,,,OK
energy.VAR18011,production.VAR12066,linha/L5,2026,1037.0,INVALID_INPUT,VAR12066|L5|37,1037.0,INVALID_INPUT,VAR12066|L5|37,OK
energy.VAR18011,production.VAR12066,linha/L6,2026,1038.0,VALIDATION_FAILED,VAR12066|L6|38,1038.0,VALIDATION_FAILED,VAR12066|L6|38,OK
energy.VAR18011,production.VAR12066,linha/L7,2026,1039.0,NO_APPLICABLE_RULE,VAR12066|L7|39,1039.0,NO_APPLICABLE_RULE,VAR12066|L7|39,OK
