equation_id,equation_definition_id,target_variable,scope_type,scope_value,dependencies,dependency_scopes,producer_ids,execution_order,status,executable,gap_id
EQ11002@linha:L1,EQ11002,ltp,linha,L1,,VAR11003; VAR11005,,0,PUBLISHED,YES,
EQ11002@linha:L2,EQ11002,ltp,linha,L2,,VAR11003; VAR11005,,1,PUBLISHED,YES,
EQ11002@linha:L3,EQ11002,ltp,linha,L3,,VAR11003; VAR11005,,2,PUBLISHED,YES,
EQ11002@linha:L4,EQ11002,ltp,linha,L4,,VAR11003; VAR11005,,3,PUBLISHED,YES,
EQ11002@linha:L5,EQ11002,ltp,linha,L5,,VAR11003; VAR11005,,4,PUBLISHED,YES,
EQ11002@linha:L6,EQ11002,ltp,linha,L6,,VAR11003; VAR11005,,5,PUBLISHED,YES,
EQ11002@linha:L7,EQ11002,ltp,linha,L7,,VAR11003; VAR11005,,6,PUBLISHED,YES,
EQ11003@linha:L1,EQ11003,ssa_media,linha,L1,,VAR11009; VAR11010,,7,PUBLISHED,YES,
EQ11003@linha:L2,EQ11003,ssa_media,linha,L2,,VAR11009; VAR11010,,8,PUBLISHED,YES,
EQ11003@linha:L3,EQ11003,ssa_media,linha,L3,,VAR11009; VAR11010,,9,PUBLISHED,YES,
EQ11003@linha:L4,EQ11003,ssa_media,linha,L4,,VAR11009; VAR11010,,10,PUBLISHED,YES,
EQ11003@linha:L5,EQ11003,ssa_media,linha,L5,,VAR11009; VAR11010,,11,PUBLISHED,YES,
EQ11003@linha:L6,EQ11003,ssa_media,linha,L6,,VAR11009; VAR11010,,12,PUBLISHED,YES,
EQ11003@linha:L7,EQ11003,ssa_media,linha,L7,,VAR11009; VAR11010,,13,PUBLISHED,YES,
EQ11004@linha:L1,EQ11004,n_ppt,linha,L1,,PARAM11003; VAR11239,,14,PUBLISHED,YES,
EQ11004@linha:L2,EQ11004,n_ppt,linha,L2,,PARAM11003; VAR11239,,15,PUBLISHED,YES,
EQ11004@linha:L3,EQ11004,n_ppt,linha,L3,,PARAM11003; VAR11239,,16,PUBLISHED,YES,
EQ11004@linha:L4,EQ11004,n_ppt,linha,L4,,PARAM11003; VAR11239,,17,PUBLISHED,YES,
EQ11004@linha:L5,EQ11004,n_ppt,linha,L5,,PARAM11003; VAR11239,,18,PUBLISHED,YES,
EQ11004@linha:L6,EQ11004,n_ppt,linha,L6,,PARAM11003; VAR11239,,19,PUBLISHED,YES,
EQ11004@linha:L7,EQ11004,n_ppt,linha,L7,,PARAM11003; VAR11239,,20,PUBLISHED,YES,
EQ11007@linha:L1,EQ11007,yield_base,linha,L1,,PARAM11002; VAR11085; VAR11086; VAR11087,,21,PUBLISHED,YES,
EQ11007@linha:L2,EQ11007,yield_base,linha,L2,,PARAM11002; VAR11085; VAR11086; VAR11087,,22,PUBLISHED,YES,
EQ11007@linha:L3,EQ11007,yield_base,linha,L3,,PARAM11002; VAR11085; VAR11086; VAR11087,,23,PUBLISHED,YES,
EQ11007@linha:L4,EQ11007,yield_base,linha,L4,,PARAM11002; VAR11085; VAR11086; VAR11087,,24,PUBLISHED,YES,
EQ11007@linha:L5,EQ11007,yield_base,linha,L5,,PARAM11002; VAR11085; VAR11086; VAR11087,,25,PUBLISHED,YES,
EQ11007@linha:L6,EQ11007,yield_base,linha,L6,,PARAM11002; VAR11085; VAR11086; VAR11087,,26,PUBLISHED,YES,
EQ11007@linha:L7,EQ11007,yield_base,linha,L7,,PARAM11002; VAR11085; VAR11086; VAR11087,,27,PUBLISHED,YES,
EQ11008@linha:L1,EQ11008,ltp_base,linha,L1,,VAR11082; VAR11084,,28,PUBLISHED,YES,
EQ11008@linha:L2,EQ11008,ltp_base,linha,L2,,VAR11082; VAR11084,,29,PUBLISHED,YES,
EQ11008@linha:L3,EQ11008,ltp_base,linha,L3,,VAR11082; VAR11084,,30,PUBLISHED,YES,
EQ11008@linha:L4,EQ11008,ltp_base,linha,L4,,VAR11082; VAR11084,,31,PUBLISHED,YES,
EQ11008@linha:L5,EQ11008,ltp_base,linha,L5,,VAR11082; VAR11084,,32,PUBLISHED,YES,
EQ11008@linha:L6,EQ11008,ltp_base,linha,L6,,VAR11082; VAR11084,,33,PUBLISHED,YES,
EQ11008@linha:L7,EQ11008,ltp_base,linha,L7,,VAR11082; VAR11084,,34,PUBLISHED,YES,
EQ11009@linha:L1,EQ11009,ssa_media_base,linha,L1,,VAR11088; VAR11089,,35,PUBLISHED,YES,
EQ11009@linha:L2,EQ11009,ssa_media_base,linha,L2,,VAR11088; VAR11089,,36,PUBLISHED,YES,
EQ11009@linha:L3,EQ11009,ssa_media_base,linha,L3,,VAR11088; VAR11089,,37,PUBLISHED,YES,
EQ11009@linha:L4,EQ11009,ssa_media_base,linha,L4,,VAR11088; VAR11089,,38,PUBLISHED,YES,
EQ11009@linha:L5,EQ11009,ssa_media_base,linha,L5,,VAR11088; VAR11089,,39,PUBLISHED,YES,
EQ11009@linha:L6,EQ11009,ssa_media_base,linha,L6,,VAR11088; VAR11089,,40,PUBLISHED,YES,
EQ11009@linha:L7,EQ11009,ssa_media_base,linha,L7,,VAR11088; VAR11089,,41,PUBLISHED,YES,
EQ11015@linha_grupo:L1_L3,EQ11015,lth,linha_grupo,L1_L3,,VAR11003@L1; VAR11003@L2; VAR11003@L3,,42,PUBLISHED,YES,
EQ11016@linha_grupo:L1_L3,EQ11016,oee,linha_grupo,L1_L3,,VAR11004@L1; VAR11004@L2; VAR11004@L3,,43,PUBLISHED,YES,
EQ11017@linha_grupo:L1_L3,EQ11017,ltp_lth,linha_grupo,L1_L3,,VAR11005@L1; VAR11005@L2; VAR11005@L3,,44,PUBLISHED,YES,
EQ11018@linha_grupo:L1_L3,EQ11018,ltp_tc,linha_grupo,L1_L3,,PARAM11001@L1; PARAM11001@L2; PARAM11001@L3,,45,PUBLISHED,YES,
EQ11019@linha_grupo:L1_L3,EQ11019,ltp_a_c,linha_grupo,L1_L3,,VAR11006@L1; VAR11006@L2; VAR11006@L3,,46,PUBLISHED,YES,
EQ11020@linha_grupo:L1_L3,EQ11020,sl_solids,linha_grupo,L1_L3,,VAR11007@L1; VAR11007@L2; VAR11007@L3,,47,PUBLISHED,YES,
EQ11021@linha_grupo:L1_L3,EQ11021,ssa_sf,linha_grupo,L1_L3,,VAR11009@L1; VAR11009@L2; VAR11009@L3,,48,PUBLISHED,YES,
EQ11022@linha_grupo:L1_L3,EQ11022,ssa_sg,linha_grupo,L1_L3,,VAR11010@L1; VAR11010@L2; VAR11010@L3,,49,PUBLISHED,YES,
EQ11025@linha_grupo:L1_L3,EQ11025,eoc_solids,linha_grupo,L1_L3,,VAR11014@L1; VAR11014@L2; VAR11014@L3,,50,PUBLISHED,YES,
EQ11031@linha_grupo:L4_L5,EQ11031,lth,linha_grupo,L4_L5,,VAR11003@L4; VAR11003@L5,,51,PUBLISHED,YES,
EQ11032@linha_grupo:L4_L5,EQ11032,oee,linha_grupo,L4_L5,,VAR11004@L4; VAR11004@L5,,52,PUBLISHED,YES,
EQ11033@linha_grupo:L4_L5,EQ11033,ltp_lth,linha_grupo,L4_L5,,VAR11005@L4; VAR11005@L5,,53,PUBLISHED,YES,
EQ11034@linha_grupo:L4_L5,EQ11034,ltp_tc,linha_grupo,L4_L5,,PARAM11001@L4; PARAM11001@L5,,54,PUBLISHED,YES,
EQ11035@linha_grupo:L4_L5,EQ11035,ltp_a_c,linha_grupo,L4_L5,,VAR11006@L4; VAR11006@L5,,55,PUBLISHED,YES,
EQ11036@linha_grupo:L4_L5,EQ11036,sl_solids,linha_grupo,L4_L5,,VAR11007@L4; VAR11007@L5,,56,PUBLISHED,YES,
EQ11037@linha_grupo:L4_L5,EQ11037,ssa_sf,linha_grupo,L4_L5,,VAR11009@L4; VAR11009@L5,,57,PUBLISHED,YES,
EQ11038@linha_grupo:L4_L5,EQ11038,ssa_sg,linha_grupo,L4_L5,,VAR11010@L4; VAR11010@L5,,58,PUBLISHED,YES,
EQ11041@linha_grupo:L4_L5,EQ11041,eoc_solids,linha_grupo,L4_L5,,VAR11014@L4; VAR11014@L5,,59,PUBLISHED,YES,
EQ11047@linha_grupo:L6_L7,EQ11047,lth,linha_grupo,L6_L7,,VAR11003@L6; VAR11003@L7,,60,PUBLISHED,YES,
EQ11048@linha_grupo:L6_L7,EQ11048,oee,linha_grupo,L6_L7,,VAR11004@L6; VAR11004@L7,,61,PUBLISHED,YES,
EQ11049@linha_grupo:L6_L7,EQ11049,ltp_lth,linha_grupo,L6_L7,,VAR11005@L6; VAR11005@L7,,62,PUBLISHED,YES,
EQ11050@linha_grupo:L6_L7,EQ11050,ltp_tc,linha_grupo,L6_L7,,PARAM11001@L6; PARAM11001@L7,,63,PUBLISHED,YES,
EQ11051@linha_grupo:L6_L7,EQ11051,ltp_a_c,linha_grupo,L6_L7,,VAR11006@L6; VAR11006@L7,,64,PUBLISHED,YES,
EQ11052@linha_grupo:L6_L7,EQ11052,sl_solids,linha_grupo,L6_L7,,VAR11007@L6; VAR11007@L7,,65,PUBLISHED,YES,
EQ11053@linha_grupo:L6_L7,EQ11053,ssa_sf,linha_grupo,L6_L7,,VAR11009@L6; VAR11009@L7,,66,PUBLISHED,YES,
EQ11054@linha_grupo:L6_L7,EQ11054,ssa_sg,linha_grupo,L6_L7,,VAR11010@L6; VAR11010@L7,,67,PUBLISHED,YES,
EQ11057@linha_grupo:L6_L7,EQ11057,eoc_solids,linha_grupo,L6_L7,,VAR11014@L6; VAR11014@L7,,68,PUBLISHED,YES,
EQ11061@linha_grupo:L1_L3,EQ11061,lth_base,linha_grupo,L1_L3,,VAR11082@L1; VAR11082@L2; VAR11082@L3,,69,PUBLISHED,YES,
EQ11062@linha_grupo:L1_L3,EQ11062,oee_base,linha_grupo,L1_L3,,VAR11083@L1; VAR11083@L2; VAR11083@L3,,70,PUBLISHED,YES,
EQ11063@linha_grupo:L1_L3,EQ11063,ltp_lth_base,linha_grupo,L1_L3,,VAR11084@L1; VAR11084@L2; VAR11084@L3,,71,PUBLISHED,YES,
EQ11064@linha_grupo:L1_L3,EQ11064,ltp_tc_base,linha_grupo,L1_L3,,PARAM11002@L1; PARAM11002@L2; PARAM11002@L3,,72,PUBLISHED,YES,
EQ11065@linha_grupo:L1_L3,EQ11065,ltp_a_c_base,linha_grupo,L1_L3,,VAR11085@L1; VAR11085@L2; VAR11085@L3,,73,PUBLISHED,YES,
EQ11066@linha_grupo:L1_L3,EQ11066,sl_solids_base,linha_grupo,L1_L3,,VAR11086@L1; VAR11086@L2; VAR11086@L3,,74,PUBLISHED,YES,
EQ11067@linha_grupo:L1_L3,EQ11067,ratio_spent_base,linha_grupo,L1_L3,,VAR11087@L1; VAR11087@L2; VAR11087@L3,,75,PUBLISHED,YES,
EQ11068@linha_grupo:L1_L3,EQ11068,ssa_sf_base,linha_grupo,L1_L3,,VAR11088@L1; VAR11088@L2; VAR11088@L3,,76,PUBLISHED,YES,
EQ11069@linha_grupo:L1_L3,EQ11069,ssa_sg_base,linha_grupo,L1_L3,,VAR11089@L1; VAR11089@L2; VAR11089@L3,,77,PUBLISHED,YES,
EQ11071@linha_grupo:L1_L3,EQ11071,n_ppt_base,linha_grupo,L1_L3,,VAR11091@L1; VAR11091@L2; VAR11091@L3,,78,PUBLISHED,YES,
EQ11072@linha_grupo:L1_L3,EQ11072,eoc_temp_base,linha_grupo,L1_L3,,VAR11092@L1; VAR11092@L2; VAR11092@L3,,79,PUBLISHED,YES,
EQ11073@linha_grupo:L1_L3,EQ11073,eoc_solids_base,linha_grupo,L1_L3,,VAR11093@L1; VAR11093@L2; VAR11093@L3,,80,PUBLISHED,YES,
EQ11077@linha_grupo:L4_L5,EQ11077,lth_base,linha_grupo,L4_L5,,VAR11082@L4; VAR11082@L5,,81,PUBLISHED,YES,
EQ11078@linha_grupo:L4_L5,EQ11078,oee_base,linha_grupo,L4_L5,,VAR11083@L4; VAR11083@L5,,82,PUBLISHED,YES,
EQ11079@linha_grupo:L4_L5,EQ11079,ltp_lth_base,linha_grupo,L4_L5,,VAR11084@L4; VAR11084@L5,,83,PUBLISHED,YES,
EQ11080@linha_grupo:L4_L5,EQ11080,ltp_tc_base,linha_grupo,L4_L5,,PARAM11002@L4; PARAM11002@L5,,84,PUBLISHED,YES,
EQ11081@linha_grupo:L4_L5,EQ11081,ltp_a_c_base,linha_grupo,L4_L5,,VAR11085@L4; VAR11085@L5,,85,PUBLISHED,YES,
EQ11082@linha_grupo:L4_L5,EQ11082,sl_solids_base,linha_grupo,L4_L5,,VAR11086@L4; VAR11086@L5,,86,PUBLISHED,YES,
EQ11083@linha_grupo:L4_L5,EQ11083,ratio_spent_base,linha_grupo,L4_L5,,VAR11087@L4; VAR11087@L5,,87,PUBLISHED,YES,
EQ11084@linha_grupo:L4_L5,EQ11084,ssa_sf_base,linha_grupo,L4_L5,,VAR11088@L4; VAR11088@L5,,88,PUBLISHED,YES,
EQ11085@linha_grupo:L4_L5,EQ11085,ssa_sg_base,linha_grupo,L4_L5,,VAR11089@L4; VAR11089@L5,,89,PUBLISHED,YES,
EQ11087@linha_grupo:L4_L5,EQ11087,n_ppt_base,linha_grupo,L4_L5,,VAR11091@L4; VAR11091@L5,,90,PUBLISHED,YES,
EQ11088@linha_grupo:L4_L5,EQ11088,eoc_temp_base,linha_grupo,L4_L5,,VAR11092@L4; VAR11092@L5,,91,PUBLISHED,YES,
EQ11089@linha_grupo:L4_L5,EQ11089,eoc_solids_base,linha_grupo,L4_L5,,VAR11093@L4; VAR11093@L5,,92,PUBLISHED,YES,
EQ11093@linha_grupo:L6_L7,EQ11093,lth_base,linha_grupo,L6_L7,,VAR11082@L6; VAR11082@L7,,93,PUBLISHED,YES,
EQ11094@linha_grupo:L6_L7,EQ11094,oee_base,linha_grupo,L6_L7,,VAR11083@L6; VAR11083@L7,,94,PUBLISHED,YES,
EQ11095@linha_grupo:L6_L7,EQ11095,ltp_lth_base,linha_grupo,L6_L7,,VAR11084@L6; VAR11084@L7,,95,PUBLISHED,YES,
EQ11096@linha_grupo:L6_L7,EQ11096,ltp_tc_base,linha_grupo,L6_L7,,PARAM11002@L6; PARAM11002@L7,,96,PUBLISHED,YES,
EQ11097@linha_grupo:L6_L7,EQ11097,ltp_a_c_base,linha_grupo,L6_L7,,VAR11085@L6; VAR11085@L7,,97,PUBLISHED,YES,
EQ11098@linha_grupo:L6_L7,EQ11098,sl_solids_base,linha_grupo,L6_L7,,VAR11086@L6; VAR11086@L7,,98,PUBLISHED,YES,
EQ11099@linha_grupo:L6_L7,EQ11099,ratio_spent_base,linha_grupo,L6_L7,,VAR11087@L6; VAR11087@L7,,99,PUBLISHED,YES,
EQ11100@linha_grupo:L6_L7,EQ11100,ssa_sf_base,linha_grupo,L6_L7,,VAR11088@L6; VAR11088@L7,,100,PUBLISHED,YES,
EQ11101@linha_grupo:L6_L7,EQ11101,ssa_sg_base,linha_grupo,L6_L7,,VAR11089@L6; VAR11089@L7,,101,PUBLISHED,YES,
EQ11103@linha_grupo:L6_L7,EQ11103,n_ppt_base,linha_grupo,L6_L7,,VAR11091@L6; VAR11091@L7,,102,PUBLISHED,YES,
EQ11104@linha_grupo:L6_L7,EQ11104,eoc_temp_base,linha_grupo,L6_L7,,VAR11092@L6; VAR11092@L7,,103,PUBLISHED,YES,
EQ11105@linha_grupo:L6_L7,EQ11105,eoc_solids_base,linha_grupo,L6_L7,,VAR11093@L6; VAR11093@L7,,104,PUBLISHED,YES,
EQ11006@linha:L1,EQ11006,ratio_spent,linha,L1,EQ11002@linha:L1; EQ11003@linha:L1; EQ11004@linha:L1; EQ11008@linha:L1; EQ11009@linha:L1,PARAM11001; PARAM11002; VAR11002; VAR11011; VAR11012; VAR11013; VAR11014; VAR11081; VAR11087; VAR11090; VAR11091; VAR11092; VAR11093,EQ11002@linha:L1; EQ11003@linha:L1; EQ11004@linha:L1; EQ11008@linha:L1; EQ11009@linha:L1,105,PUBLISHED,YES,
EQ11006@linha:L2,EQ11006,ratio_spent,linha,L2,EQ11002@linha:L2; EQ11003@linha:L2; EQ11004@linha:L2; EQ11008@linha:L2; EQ11009@linha:L2,PARAM11001; PARAM11002; VAR11002; VAR11011; VAR11012; VAR11013; VAR11014; VAR11081; VAR11087; VAR11090; VAR11091; VAR11092; VAR11093,EQ11002@linha:L2; EQ11003@linha:L2; EQ11004@linha:L2; EQ11008@linha:L2; EQ11009@linha:L2,106,PUBLISHED,YES,
EQ11006@linha:L3,EQ11006,ratio_spent,linha,L3,EQ11002@linha:L3; EQ11003@linha:L3; EQ11004@linha:L3; EQ11008@linha:L3; EQ11009@linha:L3,PARAM11001; PARAM11002; VAR11002; VAR11011; VAR11012; VAR11013; VAR11014; VAR11081; VAR11087; VAR11090; VAR11091; VAR11092; VAR11093,EQ11002@linha:L3; EQ11003@linha:L3; EQ11004@linha:L3; EQ11008@linha:L3; EQ11009@linha:L3,107,PUBLISHED,YES,
EQ11006@linha:L4,EQ11006,ratio_spent,linha,L4,EQ11002@linha:L4; EQ11003@linha:L4; EQ11004@linha:L4; EQ11008@linha:L4; EQ11009@linha:L4,PARAM11001; PARAM11002; VAR11002; VAR11011; VAR11012; VAR11013; VAR11014; VAR11081; VAR11087; VAR11090; VAR11091; VAR11092; VAR11093,EQ11002@linha:L4; EQ11003@linha:L4; EQ11004@linha:L4; EQ11008@linha:L4; EQ11009@linha:L4,108,PUBLISHED,YES,
EQ11006@linha:L5,EQ11006,ratio_spent,linha,L5,EQ11002@linha:L5; EQ11003@linha:L5; EQ11004@linha:L5; EQ11008@linha:L5; EQ11009@linha:L5,PARAM11001; PARAM11002; VAR11002; VAR11011; VAR11012; VAR11013; VAR11014; VAR11081; VAR11087; VAR11090; VAR11091; VAR11092; VAR11093,EQ11002@linha:L5; EQ11003@linha:L5; EQ11004@linha:L5; EQ11008@linha:L5; EQ11009@linha:L5,109,PUBLISHED,YES,
EQ11006@linha:L6,EQ11006,ratio_spent,linha,L6,EQ11002@linha:L6; EQ11003@linha:L6; EQ11004@linha:L6; EQ11008@linha:L6; EQ11009@linha:L6,PARAM11001; PARAM11002; VAR11002; VAR11011; VAR11012; VAR11013; VAR11014; VAR11081; VAR11087; VAR11090; VAR11091; VAR11092; VAR11093,EQ11002@linha:L6; EQ11003@linha:L6; EQ11004@linha:L6; EQ11008@linha:L6; EQ11009@linha:L6,110,PUBLISHED,YES,
EQ11006@linha:L7,EQ11006,ratio_spent,linha,L7,EQ11002@linha:L7; EQ11003@linha:L7; EQ11004@linha:L7; EQ11008@linha:L7; EQ11009@linha:L7,PARAM11001; PARAM11002; VAR11002; VAR11011; VAR11012; VAR11013; VAR11014; VAR11081; VAR11087; VAR11090; VAR11091; VAR11092; VAR11093,EQ11002@linha:L7; EQ11003@linha:L7; EQ11004@linha:L7; EQ11008@linha:L7; EQ11009@linha:L7,111,PUBLISHED,YES,
EQ11010@linha:L1,EQ11010,producao_base_ppt_base,linha,L1,EQ11007@linha:L1; EQ11008@linha:L1,VAR11080; VAR11081,EQ11007@linha:L1; EQ11008@linha:L1,112,PUBLISHED,YES,
EQ11010@linha:L2,EQ11010,producao_base_ppt_base,linha,L2,EQ11007@linha:L2; EQ11008@linha:L2,VAR11080; VAR11081,EQ11007@linha:L2; EQ11008@linha:L2,113,PUBLISHED,YES,
EQ11010@linha:L3,EQ11010,producao_base_ppt_base,linha,L3,EQ11007@linha:L3; EQ11008@linha:L3,VAR11080; VAR11081,EQ11007@linha:L3; EQ11008@linha:L3,114,PUBLISHED,YES,
EQ11010@linha:L4,EQ11010,producao_base_ppt_base,linha,L4,EQ11007@linha:L4; EQ11008@linha:L4,VAR11080; VAR11081,EQ11007@linha:L4; EQ11008@linha:L4,115,PUBLISHED,YES,
EQ11010@linha:L5,EQ11010,producao_base_ppt_base,linha,L5,EQ11007@linha:L5; EQ11008@linha:L5,VAR11080; VAR11081,EQ11007@linha:L5; EQ11008@linha:L5,116,PUBLISHED,YES,
EQ11010@linha:L6,EQ11010,producao_base_ppt_base,linha,L6,EQ11007@linha:L6; EQ11008@linha:L6,VAR11080; VAR11081,EQ11007@linha:L6; EQ11008@linha:L6,117,PUBLISHED,YES,
EQ11010@linha:L7,EQ11010,producao_base_ppt_base,linha,L7,EQ11007@linha:L7; EQ11008@linha:L7,VAR11080; VAR11081,EQ11007@linha:L7; EQ11008@linha:L7,118,PUBLISHED,YES,
EQ11013@linha_grupo:L1_L3,EQ11013,eoc_temp,linha_grupo,L1_L3,EQ11002@linha:L1; EQ11002@linha:L2; EQ11002@linha:L3,VAR11002@L1; VAR11002@L2; VAR11002@L3; VAR11013@L1; VAR11013@L2; VAR11013@L3,EQ11002@linha:L1; EQ11002@linha:L2; EQ11002@linha:L3,119,PUBLISHED,YES,
EQ11014@linha_grupo:L1_L3,EQ11014,ltp,linha_grupo,L1_L3,EQ11002@linha:L1; EQ11002@linha:L2; EQ11002@linha:L3,VAR11002@L1; VAR11002@L2; VAR11002@L3,EQ11002@linha:L1; EQ11002@linha:L2; EQ11002@linha:L3,120,PUBLISHED,YES,
EQ11023@linha_grupo:L1_L3,EQ11023,ssa_media,linha_grupo,L1_L3,EQ11003@linha:L1; EQ11003@linha:L2; EQ11003@linha:L3,VAR11011@L1; VAR11011@L2; VAR11011@L3,EQ11003@linha:L1; EQ11003@linha:L2; EQ11003@linha:L3,121,PUBLISHED,YES,
EQ11024@linha_grupo:L1_L3,EQ11024,n_ppt,linha_grupo,L1_L3,EQ11004@linha:L1; EQ11004@linha:L2; EQ11004@linha:L3,VAR11012@L1; VAR11012@L2; VAR11012@L3,EQ11004@linha:L1; EQ11004@linha:L2; EQ11004@linha:L3,122,PUBLISHED,YES,
EQ11029@linha_grupo:L4_L5,EQ11029,eoc_temp,linha_grupo,L4_L5,EQ11002@linha:L4; EQ11002@linha:L5,VAR11002@L4; VAR11002@L5; VAR11013@L4; VAR11013@L5,EQ11002@linha:L4; EQ11002@linha:L5,123,PUBLISHED,YES,
EQ11030@linha_grupo:L4_L5,EQ11030,ltp,linha_grupo,L4_L5,EQ11002@linha:L4; EQ11002@linha:L5,VAR11002@L4; VAR11002@L5,EQ11002@linha:L4; EQ11002@linha:L5,124,PUBLISHED,YES,
EQ11039@linha_grupo:L4_L5,EQ11039,ssa_media,linha_grupo,L4_L5,EQ11003@linha:L4; EQ11003@linha:L5,VAR11011@L4; VAR11011@L5,EQ11003@linha:L4; EQ11003@linha:L5,125,PUBLISHED,YES,
EQ11040@linha_grupo:L4_L5,EQ11040,n_ppt,linha_grupo,L4_L5,EQ11004@linha:L4; EQ11004@linha:L5,VAR11012@L4; VAR11012@L5,EQ11004@linha:L4; EQ11004@linha:L5,126,PUBLISHED,YES,
EQ11045@linha_grupo:L6_L7,EQ11045,eoc_temp,linha_grupo,L6_L7,EQ11002@linha:L6; EQ11002@linha:L7,VAR11002@L6; VAR11002@L7; VAR11013@L6; VAR11013@L7,EQ11002@linha:L6; EQ11002@linha:L7,127,PUBLISHED,YES,
EQ11046@linha_grupo:L6_L7,EQ11046,ltp,linha_grupo,L6_L7,EQ11002@linha:L6; EQ11002@linha:L7,VAR11002@L6; VAR11002@L7,EQ11002@linha:L6; EQ11002@linha:L7,128,PUBLISHED,YES,
EQ11055@linha_grupo:L6_L7,EQ11055,ssa_media,linha_grupo,L6_L7,EQ11003@linha:L6; EQ11003@linha:L7,VAR11011@L6; VAR11011@L7,EQ11003@linha:L6; EQ11003@linha:L7,129,PUBLISHED,YES,
EQ11056@linha_grupo:L6_L7,EQ11056,n_ppt,linha_grupo,L6_L7,EQ11004@linha:L6; EQ11004@linha:L7,VAR11012@L6; VAR11012@L7,EQ11004@linha:L6; EQ11004@linha:L7,130,PUBLISHED,YES,
EQ11059@linha_grupo:L1_L3,EQ11059,yield_base,linha_grupo,L1_L3,EQ11007@linha:L1; EQ11007@linha:L2; EQ11007@linha:L3; EQ11008@linha:L1; EQ11008@linha:L2; EQ11008@linha:L3,VAR11080@L1; VAR11080@L2; VAR11080@L3; VAR11081@L1; VAR11081@L2; VAR11081@L3,EQ11007@linha:L1; EQ11007@linha:L2; EQ11007@linha:L3; EQ11008@linha:L1; EQ11008@linha:L2; EQ11008@linha:L3,131,PUBLISHED,YES,
EQ11060@linha_grupo:L1_L3,EQ11060,ltp_base,linha_grupo,L1_L3,EQ11008@linha:L1; EQ11008@linha:L2; EQ11008@linha:L3,VAR11081@L1; VAR11081@L2; VAR11081@L3,EQ11008@linha:L1; EQ11008@linha:L2; EQ11008@linha:L3,132,PUBLISHED,YES,
EQ11070@linha_grupo:L1_L3,EQ11070,ssa_media_base,linha_grupo,L1_L3,EQ11009@linha:L1; EQ11009@linha:L2; EQ11009@linha:L3,VAR11090@L1; VAR11090@L2; VAR11090@L3,EQ11009@linha:L1; EQ11009@linha:L2; EQ11009@linha:L3,133,PUBLISHED,YES,
EQ11075@linha_grupo:L4_L5,EQ11075,yield_base,linha_grupo,L4_L5,EQ11007@linha:L4; EQ11007@linha:L5; EQ11008@linha:L4; EQ11008@linha:L5,VAR11080@L4; VAR11080@L5; VAR11081@L4; VAR11081@L5,EQ11007@linha:L4; EQ11007@linha:L5; EQ11008@linha:L4; EQ11008@linha:L5,134,PUBLISHED,YES,
EQ11076@linha_grupo:L4_L5,EQ11076,ltp_base,linha_grupo,L4_L5,EQ11008@linha:L4; EQ11008@linha:L5,VAR11081@L4; VAR11081@L5,EQ11008@linha:L4; EQ11008@linha:L5,135,PUBLISHED,YES,
EQ11086@linha_grupo:L4_L5,EQ11086,ssa_media_base,linha_grupo,L4_L5,EQ11009@linha:L4; EQ11009@linha:L5,VAR11090@L4; VAR11090@L5,EQ11009@linha:L4; EQ11009@linha:L5,136,PUBLISHED,YES,
EQ11091@linha_grupo:L6_L7,EQ11091,yield_base,linha_grupo,L6_L7,EQ11007@linha:L6; EQ11007@linha:L7; EQ11008@linha:L6; EQ11008@linha:L7,VAR11080@L6; VAR11080@L7; VAR11081@L6; VAR11081@L7,EQ11007@linha:L6; EQ11007@linha:L7; EQ11008@linha:L6; EQ11008@linha:L7,137,PUBLISHED,YES,
EQ11092@linha_grupo:L6_L7,EQ11092,ltp_base,linha_grupo,L6_L7,EQ11008@linha:L6; EQ11008@linha:L7,VAR11081@L6; VAR11081@L7,EQ11008@linha:L6; EQ11008@linha:L7,138,PUBLISHED,YES,
EQ11102@linha_grupo:L6_L7,EQ11102,ssa_media_base,linha_grupo,L6_L7,EQ11009@linha:L6; EQ11009@linha:L7,VAR11090@L6; VAR11090@L7,EQ11009@linha:L6; EQ11009@linha:L7,139,PUBLISHED,YES,
EQ11001@linha:L1,EQ11001,yield,linha,L1,EQ11006@linha:L1,PARAM11001; VAR11006; VAR11007; VAR11008,EQ11006@linha:L1,140,PUBLISHED,YES,
EQ11001@linha:L2,EQ11001,yield,linha,L2,EQ11006@linha:L2,PARAM11001; VAR11006; VAR11007; VAR11008,EQ11006@linha:L2,141,PUBLISHED,YES,
EQ11001@linha:L3,EQ11001,yield,linha,L3,EQ11006@linha:L3,PARAM11001; VAR11006; VAR11007; VAR11008,EQ11006@linha:L3,142,PUBLISHED,YES,
EQ11001@linha:L4,EQ11001,yield,linha,L4,EQ11006@linha:L4,PARAM11001; VAR11006; VAR11007; VAR11008,EQ11006@linha:L4,143,PUBLISHED,YES,
EQ11001@linha:L5,EQ11001,yield,linha,L5,EQ11006@linha:L5,PARAM11001; VAR11006; VAR11007; VAR11008,EQ11006@linha:L5,144,PUBLISHED,YES,
EQ11001@linha:L6,EQ11001,yield,linha,L6,EQ11006@linha:L6,PARAM11001; VAR11006; VAR11007; VAR11008,EQ11006@linha:L6,145,PUBLISHED,YES,
EQ11001@linha:L7,EQ11001,yield,linha,L7,EQ11006@linha:L7,PARAM11001; VAR11006; VAR11007; VAR11008,EQ11006@linha:L7,146,PUBLISHED,YES,
EQ11012@linha_grupo:L1_L3,EQ11012,ratio_spent,linha_grupo,L1_L3,EQ11002@linha:L1; EQ11002@linha:L2; EQ11002@linha:L3; EQ11006@linha:L1; EQ11006@linha:L2; EQ11006@linha:L3,VAR11002@L1; VAR11002@L2; VAR11002@L3; VAR11008@L1; VAR11008@L2; VAR11008@L3,EQ11002@linha:L1; EQ11002@linha:L2; EQ11002@linha:L3; EQ11006@linha:L1; EQ11006@linha:L2; EQ11006@linha:L3,147,PUBLISHED,YES,
EQ11028@linha_grupo:L4_L5,EQ11028,ratio_spent,linha_grupo,L4_L5,EQ11002@linha:L4; EQ11002@linha:L5; EQ11006@linha:L4; EQ11006@linha:L5,VAR11002@L4; VAR11002@L5; VAR11008@L4; VAR11008@L5,EQ11002@linha:L4; EQ11002@linha:L5; EQ11006@linha:L4; EQ11006@linha:L5,148,PUBLISHED,YES,
EQ11044@linha_grupo:L6_L7,EQ11044,ratio_spent,linha_grupo,L6_L7,EQ11002@linha:L6; EQ11002@linha:L7; EQ11006@linha:L6; EQ11006@linha:L7,VAR11002@L6; VAR11002@L7; VAR11008@L6; VAR11008@L7,EQ11002@linha:L6; EQ11002@linha:L7; EQ11006@linha:L6; EQ11006@linha:L7,149,PUBLISHED,YES,
EQ11074@linha_grupo:L1_L3,EQ11074,producao_base_ppt_base,linha_grupo,L1_L3,EQ11010@linha:L1; EQ11010@linha:L2; EQ11010@linha:L3,VAR11094@L1; VAR11094@L2; VAR11094@L3,EQ11010@linha:L1; EQ11010@linha:L2; EQ11010@linha:L3,150,PUBLISHED,YES,
EQ11090@linha_grupo:L4_L5,EQ11090,producao_base_ppt_base,linha_grupo,L4_L5,EQ11010@linha:L4; EQ11010@linha:L5,VAR11094@L4; VAR11094@L5,EQ11010@linha:L4; EQ11010@linha:L5,151,PUBLISHED,YES,
EQ11106@linha_grupo:L6_L7,EQ11106,producao_base_ppt_base,linha_grupo,L6_L7,EQ11010@linha:L6; EQ11010@linha:L7,VAR11094@L6; VAR11094@L7,EQ11010@linha:L6; EQ11010@linha:L7,152,PUBLISHED,YES,
EQ11005@linha:L1,EQ11005,producao_base_ppt,linha,L1,EQ11001@linha:L1; EQ11002@linha:L1,VAR11001; VAR11002,EQ11001@linha:L1; EQ11002@linha:L1,153,PUBLISHED,YES,
EQ11005@linha:L2,EQ11005,producao_base_ppt,linha,L2,EQ11001@linha:L2; EQ11002@linha:L2,VAR11001; VAR11002,EQ11001@linha:L2; EQ11002@linha:L2,154,PUBLISHED,YES,
EQ11005@linha:L3,EQ11005,producao_base_ppt,linha,L3,EQ11001@linha:L3; EQ11002@linha:L3,VAR11001; VAR11002,EQ11001@linha:L3; EQ11002@linha:L3,155,PUBLISHED,YES,
EQ11005@linha:L4,EQ11005,producao_base_ppt,linha,L4,EQ11001@linha:L4; EQ11002@linha:L4,VAR11001; VAR11002,EQ11001@linha:L4; EQ11002@linha:L4,156,PUBLISHED,YES,
EQ11005@linha:L5,EQ11005,producao_base_ppt,linha,L5,EQ11001@linha:L5; EQ11002@linha:L5,VAR11001; VAR11002,EQ11001@linha:L5; EQ11002@linha:L5,157,PUBLISHED,YES,
EQ11005@linha:L6,EQ11005,producao_base_ppt,linha,L6,EQ11001@linha:L6; EQ11002@linha:L6,VAR11001; VAR11002,EQ11001@linha:L6; EQ11002@linha:L6,158,PUBLISHED,YES,
EQ11005@linha:L7,EQ11005,producao_base_ppt,linha,L7,EQ11001@linha:L7; EQ11002@linha:L7,VAR11001; VAR11002,EQ11001@linha:L7; EQ11002@linha:L7,159,PUBLISHED,YES,
EQ11011@linha_grupo:L1_L3,EQ11011,yield,linha_grupo,L1_L3,EQ11001@linha:L1; EQ11001@linha:L2; EQ11001@linha:L3; EQ11002@linha:L1; EQ11002@linha:L2; EQ11002@linha:L3,VAR11001@L1; VAR11001@L2; VAR11001@L3; VAR11002@L1; VAR11002@L2; VAR11002@L3,EQ11001@linha:L1; EQ11001@linha:L2; EQ11001@linha:L3; EQ11002@linha:L1; EQ11002@linha:L2; EQ11002@linha:L3,160,PUBLISHED,YES,
EQ11027@linha_grupo:L4_L5,EQ11027,yield,linha_grupo,L4_L5,EQ11001@linha:L4; EQ11001@linha:L5; EQ11002@linha:L4; EQ11002@linha:L5,VAR11001@L4; VAR11001@L5; VAR11002@L4; VAR11002@L5,EQ11001@linha:L4; EQ11001@linha:L5; EQ11002@linha:L4; EQ11002@linha:L5,161,PUBLISHED,YES,
EQ11043@linha_grupo:L6_L7,EQ11043,yield,linha_grupo,L6_L7,EQ11001@linha:L6; EQ11001@linha:L7; EQ11002@linha:L6; EQ11002@linha:L7,VAR11001@L6; VAR11001@L7; VAR11002@L6; VAR11002@L7,EQ11001@linha:L6; EQ11001@linha:L7; EQ11002@linha:L6; EQ11002@linha:L7,162,PUBLISHED,YES,
EQ11026@linha_grupo:L1_L3,EQ11026,producao_base_ppt,linha_grupo,L1_L3,EQ11005@linha:L1; EQ11005@linha:L2; EQ11005@linha:L3,VAR11015@L1; VAR11015@L2; VAR11015@L3,EQ11005@linha:L1; EQ11005@linha:L2; EQ11005@linha:L3,163,PUBLISHED,YES,
EQ11042@linha_grupo:L4_L5,EQ11042,producao_base_ppt,linha_grupo,L4_L5,EQ11005@linha:L4; EQ11005@linha:L5,VAR11015@L4; VAR11015@L5,EQ11005@linha:L4; EQ11005@linha:L5,164,PUBLISHED,YES,
EQ11058@linha_grupo:L6_L7,EQ11058,producao_base_ppt,linha_grupo,L6_L7,EQ11005@linha:L6; EQ11005@linha:L7,VAR11015@L6; VAR11015@L7,EQ11005@linha:L6; EQ11005@linha:L7,165,PUBLISHED,YES,
