row,Type,name,description,unit,value,version,variable_type,frequency,scope_type,scope_value,source_reference,status,expression,fonte,OBS,value_type,role
3,variable,vazao_ltp,Vazão de LTP do grupo de linhas L1 a L3.,-,,,entrada_externa,mensal,linha_grupo,L1_L3,Forecast A41!B31,ativo,,,Valor para Julho 2026 = 1320. VERIFICAR: (i) o motivo de não utilizar o valor proveniente do bloco yield;(ii) motivo de não utilizarem o valor de LTP = 1067; (iii) os valores de LTH = 1100 e 970 que também não são utilizados em lugar nenhum da planilha.,numeric,input
4,variable,vazao_ltp,Vazão de LTP do grupo de linhas L4 a L5.,-,,,entrada_externa,mensal,linha_grupo,L4_L5,Forecast A41!B31,ativo,,,Valor para Julho 2026 = 1320. VERIFICAR: (i) o motivo de não utilizar o valor proveniente do bloco yield;(ii) motivo de não utilizarem o valor de LTP = 1067; (iii) os valores de LTH = 1100 e 970 que também não são utilizados em lugar nenhum da planilha.,numeric,input
5,variable,vazao_ltp,Vazão de LTP do grupo de linhas L6 a L7.,-,,,entrada_externa,mensal,linha_grupo,L6_L7,Forecast A41!B31,ativo,,,Valor para Julho 2026 = 1320. VERIFICAR: (i) o motivo de não utilizar o valor proveniente do bloco yield;(ii) motivo de não utilizarem o valor de LTP = 1067; (iii) os valores de LTH = 1100 e 970 que também não são utilizados em lugar nenhum da planilha.,numeric,input
6,variable / equation,retirada_cond_corr_ltp,Retirada de condensado corrigida em função da vazão de LTP para o grupo de linhas L1 a L3.,m³/h,,,calculado,diário,linha_grupo,L1_L3,Forecast A41!B42,ativo,19.475*ln(vazao_ltp) - 85.999,,,numeric,equation
7,variable / equation,retirada_cond_corr_ltp,Retirada de condensado corrigida em função da vazão de LTP para o grupo de linhas L4 a L5.,m³/h,,,calculado,diário,linha_grupo,L4_L5,Forecast A41!B51,ativo,19.475*ln(vazao_ltp) - 85.999,,,numeric,equation
8,variable / equation,retirada_cond_corr_ltp,Retirada de condensado corrigida em função da vazão de LTP para o grupo de linhas L6 a L7.,m³/h,,,calculado,diário,linha_grupo,L6_L7,Forecast A41!B60,ativo,19.475*ln(vazao_ltp) - 85.999,,,numeric,equation
9,variable,lth,"LTH de cada linha da área 41, utilizado nos cálculos de retirada de condensado.",m³/h,,,entrada,diário,linha,L1_L7,Forecast A41!B35,ativo,,bloco yield,"Yield 2026!E4:OB4
Yield 2026!E20:OB20
Yield 2026!E36:OB36",numeric,input
10,variable / equation,lth_grupo,"Média dos valores de LTH das linhas L1, L2 e L3.",m³/h,,,calculado,diário,linha_grupo,L1_L3,Forecast A41!B41,ativo,( lth@L1 + lth@L2 + lth@L3 ) / 3,,,numeric,equation
11,variable / equation,lth_grupo,Média dos valores de LTH das linhas L4 e L5.,m³/h,,,calculado,diário,linha_grupo,L4_L5,Forecast A41!B50,ativo,( lth@L4 + lth@L5 ) / 2,,,numeric,equation
12,variable / equation,lth_grupo,Média dos valores de LTH das linhas L6 e L7.,m³/h,,,calculado,diário,linha_grupo,L6_L7,Forecast A41!B59,ativo,( lth@L6 + lth@L7 ) /2,,,numeric,equation
13,variable,fator_retirada_cond_corr_lth,Fator de correção da retirada de condensado em função do LTH para o grupo de linhas L1 a L3.,-,,,entrada_externa,mensal,linha_grupo,L1_L3,Forecast A41!D32,ativo,,,Valor para Julho 2026 = 1.1. ATENÇÃO: Existem o valor de 1.15 indicado na planilha que não está sendo utilizado.,numeric,input
14,variable,fator_retirada_cond_corr_lth,Fator de correção da retirada de condensado em função do LTH para o grupo de linhas L4 a L5.,-,,,entrada_externa,mensal,linha_grupo,L4_L5,Forecast A41!D32,ativo,,,Valor para Julho 2026 = 1.1. ATENÇÃO: Existem o valor de 1.15 indicado na planilha que não está sendo utilizado.,numeric,input
15,variable,fator_retirada_cond_corr_lth,Fator de correção da retirada de condensado em função do LTH para o grupo de linhas L6 a L7.,-,,,entrada_externa,mensal,linha_grupo,L6_L7,Forecast A41!D32,ativo,,,Valor para Julho 2026 = 1.1. ATENÇÃO: Existem o valor de 1.15 indicado na planilha que não está sendo utilizado.,numeric,input
16,variable / equation,retirada_cond_corr_lth,Retirada de condensado corrigida em função do LTH para o grupo de linhas L1 a L3.,m³/h,,,calculado,diário,linha_grupo,L1_L3,Forecast A41!B43,ativo,19.475*ln(lth_grupo * fator_retirada_cond_corr_lth) - 85.999,,,numeric,equation
17,variable / equation,retirada_cond_corr_lth,Retirada de condensado corrigida em função do LTH para o grupo de linhas L4 a L5.,m³/h,,,calculado,diário,linha_grupo,L4_L5,Forecast A41!B52,ativo,19.475*ln(lth_grupo * fator_retirada_cond_corr_lth) - 85.999,,,numeric,equation
18,variable / equation,retirada_cond_corr_lth,Retirada de condensado corrigida em função do LTH para o grupo de linhas L6 a L7.,m³/h,,,calculado,diário,linha_grupo,L6_L7,Forecast A41!B61,ativo,19.475*ln(lth_grupo * fator_retirada_cond_corr_lth) - 85.999,,,numeric,equation
19,variable,valor_retirada,Valor de retirada de condensado da linha L1.,m³/h,,,entrada_externa,diário,linha,L1,Forecast A41!A11,ativo,,,Valor para Julho 2026 = 47. Verificar o que significa essa variável e ajustar nomenclatura conforme significado,numeric,input
20,variable,valor_retirada,Valor de retirada de condensado da linha L2.,m³/h,,,entrada_externa,diário,linha,L2,Forecast A41!A11,ativo,,,Valor para Julho 2026 = 47. Verificar o que significa essa variável e ajustar nomenclatura conforme significado,numeric,input
21,variable,valor_retirada,Valor de retirada de condensado da linha L3.,m³/h,,,entrada_externa,diário,linha,L3,Forecast A41!A11,ativo,,,Valor para Julho 2026 = 48. Verificar o que significa essa variável e ajustar nomenclatura conforme significado,numeric,input
22,variable / equation,retirada_condensado_grupo,Retirada de condensado calculada para o grupo de linhas L1 a L3.,m³/h,,,calculado,diário,linha_grupo,L1_L3,Forecast A41!A11,ativo,valor_retirada@L1 + valor_retirada@L2 + valor_retirada@L3 - 3*(retirada_cond_corr_ltp - retirada_cond_corr_lth),,,numeric,equation
23,variable / equation,retirada_condensado_grupo,Média mensal da retirada de condensado calculada para o grupo de linhas L1 a L3.,m³/h,,,calculado,mensal,linha_grupo,L1_L3,Forecast A41!A11,ativo,Média mensal de todos os resultados diários de 'retirada_condensado_grupo',,,numeric,aggregation
24,variable / equation,retirada_condensado_grupo,Média anual da retirada de condensado calculada para o grupo de linhas L1 a L3.,m³/h,,,calculado,anual,linha_grupo,L1_L3,Forecast A41!A11,ativo,Média anual de todos os resultados diários de 'retirada_condensado_grupo',,,numeric,aggregation
25,variable,hes_l4,Estado operacional da linha L4.,-,,,entrada_externa,diário,linha,L4,Forecast A41!A16,ativo,,,"Essas variáveis irão receber strings, como ""Normal"", ""LC"", ""Overhaul/Parada"".",categorical,input
26,variable,hes_l5,Estado operacional da linha L5.,-,,,entrada_externa,diário,linha,L5,Forecast A41!A17,ativo,,,"Essas variáveis irão receber strings, como ""Normal"", ""LC"", ""Overhaul/Parada"".",categorical,input
27,variable,hes_l6,Estado operacional da linha L6.,-,,,entrada_externa,diário,linha,L6,Forecast A41!A18,ativo,,,"Essas variáveis irão receber strings, como ""Normal"", ""LC"", ""Overhaul/Parada"".",categorical,input
28,variable,hes_l7,Estado operacional da linha L7.,-,,,entrada_externa,diário,linha,L7,Forecast A41!A19,ativo,,,"Essas variáveis irão receber strings, como ""Normal"", ""LC"", ""Overhaul/Parada"".",categorical,input
29,variable,desconto_retirada_41c,Desconto de retirada associado à condição 41c para o grupo de linhas L4 e L5.,m³/h,,,entrada_externa,diário,linha_grupo,L4_L5,Forecast A41!C26,ativo,,,VERIFICAR se esse valor pode ser proneveniente do Plano de Manutenção.,numeric,input
30,variable,desconto_retirada_41c,Desconto de retirada associado à condição 41c para o grupo de linhas L6 e L7.,m³/h,,,entrada_externa,diário,linha_grupo,L6_L7,Forecast A41!C28,ativo,,,VERIFICAR se esse valor pode ser proneveniente do Plano de Manutenção.,numeric,input
31,variable,desconto_retirada_41d,Desconto de retirada associado à condição 41d para o grupo de linhas L4 e L5.,m³/h,,,entrada_externa,diário,linha_grupo,L4_L5,Forecast A41!C27,ativo,,,VERIFICAR se esse valor pode ser proneveniente do Plano de Manutenção.,numeric,input
32,parameter,retirada_meta_41a,Meta de retirada de condensado para a condição operacional 41a.,m³/h,45,1,,,planta,PLANTA,Forecast A41!B23,ativo,,,Dados não utilizados na planilha. AVALIAR a necessidade de inseri-los na plataforma.,,parameter
33,parameter,retirada_meta_41b,Meta de retirada de condensado para a condição operacional 41b.,m³/h,47.5,1,,,planta,PLANTA,Forecast A41!B24,ativo,,,Dados não utilizados na planilha. AVALIAR a necessidade de inseri-los na plataforma.,,parameter
34,parameter,retirada_meta_41x,Meta de retirada de condensado para a condição operacional 41x.,m³/h,47.5,1,,,planta,PLANTA,Forecast A41!B25,ativo,,,Dados não utilizados na planilha. AVALIAR a necessidade de inseri-los na plataforma.,,parameter
35,parameter,retirada_meta_41c,Meta de retirada de condensado para a condição operacional 41c.,m³/h,50,1,,,planta,PLANTA,Forecast A41!B26,ativo,,,Dados não utilizados na planilha. AVALIAR a necessidade de inseri-los na plataforma.,,parameter
36,parameter,retirada_meta_41d,Meta de retirada de condensado para a condição operacional 41d.,m³/h,50,1,,,planta,PLANTA,Forecast A41!B27,ativo,,,Dados não utilizados na planilha. AVALIAR a necessidade de inseri-los na plataforma.,,parameter
37,parameter,retirada_performance_41c,Desempenho de retirada associado à condição operacional 41c.,m³/h,5,1,,,planta,PLANTA,Forecast A41!F26,ativo,,,Dados não utilizados na planilha. AVALIAR a necessidade de inseri-los na plataforma.,,parameter
38,parameter,retirada_manobra_linha_41a,Retirada de condensado adicional associada à manobra da linha 41a.,m³/h,5,1,,,planta,PLANTA,Forecast A41!I23,ativo,,,Dados não utilizados na planilha. AVALIAR a necessidade de inseri-los na plataforma.,,parameter
39,variable / equation,retirada_condensado_grupo,Retirada de condensado calculada para o grupo de linhas L4 e L5 conforme os estados operacionais das linhas.,m³/h,,,calculado,diário,linha_grupo,L4_L5,Forecast A41!A12,ativo,"(     (100 - ((retirada_cond_corr_ltp - retirada_cond_corr_lth) * 2))     if hes_l4@L4 == ""Normal"" and hes_l5@L5 == ""Normal""     else (         (             (                 (100 - ((retirada_cond_corr_ltp - retirada_cond_corr_lth) * 2)) * 14                 + (                     (100 - ((retirada_cond_corr_ltp - retirada_cond_corr_lth) * 2)) / 2                 ) * 10             ) / 24         )         if hes_l4@L4 == ""LC"" or hes_l5@L5 == ""LC""         else (             50 - ((retirada_cond_corr_ltp - retirada_cond_corr_lth) * 2)         )         if hes_l4@L4 == ""Overhaul/Parada"" or hes_l5@L5 == ""Overhaul/Parada""         else (             100             - ((retirada_cond_corr_ltp - retirada_cond_corr_lth) * 2)             - desconto_retirada_41d         )         if hes_l4@L4 == ""1 By pass"" or hes_l5@L5 == ""1 By pass""         else (             (                 (                     (100 - ((retirada_cond_corr_ltp - retirada_cond_corr_lth) * 2)) * 14                     + (                         (                             (100 - ((retirada_cond_corr_ltp - retirada_cond_corr_lth) * 2))                             - desconto_retirada_41c                         ) / 2                     ) * 10                 ) / 24             )             if hes_l4@L4 == ""1 By pass e LC""             and hes_l5@L5 == ""1 By pass e LC""             else ""F""         )     ) )",,"Referências de desconto_retirada_41c/41d são inconsistentes com a aplicação nos ramos 1 By pass e 1 By pass e LC. No grupo L4_L5 utiliza-se desconto_retirada_41c/41d, enquanto no L6_L7 apenas desconto_retirada_41c. Confirmar qual desconto corresponde a cada grupo e a cada condição operacional. Confirmar qual desconto corresponde a cada grupo e a cada condição operacional.",numeric,equation
40,variable / equation,retirada_condensado_grupo,Média mensal da retirada de condensado calculada para o grupo de linhas L4 e L5.,m³/h,,,calculado,mensal,linha_grupo,L4_L5,Forecast A41!A12,ativo,Média mensal de todos os resultados diários de 'retirada_condensado_grupo',,,numeric,aggregation
41,variable / equation,retirada_condensado_grupo,Média anual da retirada de condensado calculada para o grupo de linhas L4 e L5.,m³/h,,,calculado,anual,linha_grupo,L4_L5,Forecast A41!A12,ativo,Média anual de todos os resultados diários de 'retirada_condensado_grupo',,,numeric,aggregation
42,variable / equation,retirada_condensado_grupo,Retirada de condensado calculada para o grupo de linhas L6 e L7 conforme os estados operacionais das linhas.,m³/h,,,calculado,diário,linha_grupo,L6_L7,Forecast A41!A13,ativo,"(     (100 - ((retirada_cond_corr_ltp - retirada_cond_corr_lth) * 2))     if hes_l6@L6 == ""Normal"" and hes_l7@L7 == ""Normal""     else (         (             (                 (100 - ((retirada_cond_corr_ltp - retirada_cond_corr_lth) * 2)) * 14                 + (                     (100 - ((retirada_cond_corr_ltp - retirada_cond_corr_lth) * 2)) / 2                 ) * 10             ) / 24         )         if hes_l6@L6 == ""LC"" or hes_l7@L7 == ""LC""         else (             50 - ((retirada_cond_corr_ltp - retirada_cond_corr_lth) * 2)         )         if hes_l6@L6 == ""Overhaul/Parada"" or hes_l7@L7 == ""Overhaul/Parada""         else (             100             - ((retirada_cond_corr_ltp - retirada_cond_corr_lth) * 2)             - desconto_retirada_41c         )         if hes_l6@L6 == ""1 By pass"" or hes_l7@L7 == ""1 By pass""         else (             (                 (                     (100 - ((retirada_cond_corr_ltp - retirada_cond_corr_lth) * 2)) * 14                     + (                         (                             (100 - ((retirada_cond_corr_ltp - retirada_cond_corr_lth) * 2))                             - desconto_retirada_41c                         ) / 2                     ) * 10                 ) / 24             )             if hes_l6@L6 == ""1 By pass e LC""             and hes_l7@L7 == ""1 By pass e LC""             else ""F""         )     ) )",,"Referências de desconto_retirada_41c/41d são inconsistentes com a aplicação nos ramos 1 By pass e 1 By pass e LC. No grupo L4_L5 utiliza-se desconto_retirada_41c/41d, enquanto no L6_L7 apenas desconto_retirada_41c. Confirmar qual desconto corresponde a cada grupo e a cada condição operacional. Confirmar qual desconto corresponde a cada grupo e a cada condição operacional.",numeric,equation
43,variable / equation,retirada_condensado_grupo,Média mensal da retirada de condensado calculada para o grupo de linhas L6 e L7.,m³/h,,,calculado,mensal,linha_grupo,L6_L7,Forecast A41!A13,ativo,Média mensal de todos os resultados diários de 'retirada_condensado_grupo',,,numeric,aggregation
44,variable / equation,retirada_condensado_grupo,Média anual da retirada de condensado calculada para o grupo de linhas L6 e L7.,m³/h,,,calculado,anual,linha_grupo,L6_L7,Forecast A41!A13,ativo,Média anual de todos os resultados diários de 'retirada_condensado_grupo',,,numeric,aggregation
45,variable / equation,retirada_condensado_linha,Retirada de condensado calculada para a linha L1 a partir da alocação proporcional do resultado do grupo L1 a L3 pelo LTH da linha.,m³/h,,,calculado,diário,linha,L1,Forecast A41!A3,ativo,( retirada_condensado_grupo@L1_L3 * lth@L1 ) / ( lth@L1 + lth@L2 + lth@L3 ),,,numeric,equation
46,variable / equation,retirada_condensado_linha,Retirada de condensado calculada para a linha L2 a partir da alocação proporcional do resultado do grupo L1 a L3 pelo LTH da linha.,m³/h,,,calculado,diário,linha,L2,Forecast A41!A4,ativo,( retirada_condensado_grupo@L1_L3 * lth@L2 ) / ( lth@L1 + lth@L2 + lth@L3 ),,,numeric,equation
47,variable / equation,retirada_condensado_linha,Retirada de condensado calculada para a linha L3 a partir da alocação proporcional do resultado do grupo L1 a L3 pelo LTH da linha.,m³/h,,,calculado,diário,linha,L3,Forecast A41!A5,ativo,( retirada_condensado_grupo@L1_L3 * lth@L3 ) / ( lth@L1 + lth@L2 + lth@L3 ),,,numeric,equation
48,variable / equation,retirada_condensado_linha,Retirada de condensado calculada para a linha L4 a partir da alocação proporcional do resultado do grupo L4 a L5 pelo LTH da linha.,m³/h,,,calculado,diário,linha,L4,Forecast A41!A6,ativo,( retirada_condensado_grupo@L4_L5 * lth@L4 ) / (  lth@L4 +  lth@L5 ),,,numeric,equation
49,variable / equation,retirada_condensado_linha,Retirada de condensado calculada para a linha L5 a partir da alocação proporcional do resultado do grupo L4 a L5 pelo LTH da linha.,m³/h,,,calculado,diário,linha,L5,Forecast A41!A7,ativo,( retirada_condensado_grupo@L4_L5 * lth@L5 ) / (  lth@L4 +  lth@L5 ),,,numeric,equation
50,variable / equation,retirada_condensado_linha,Retirada de condensado calculada para a linha L6 a partir da alocação proporcional do resultado do grupo L6 a L7 pelo LTH da linha.,m³/h,,,calculado,diário,linha,L6,Forecast A41!A8,ativo,( retirada_condensado_grupo@L6_L7 * lth@L6 ) / (  lth@L6 +  lth@L7 ),,,numeric,equation
51,variable / equation,retirada_condensado_linha,Retirada de condensado calculada para a linha L7 a partir da alocação proporcional do resultado do grupo L6 a L7 pelo LTH da linha.,m³/h,,,calculado,diário,linha,L7,Forecast A41!A9,ativo,( retirada_condensado_grupo@L6_L7 * lth@L7 ) / (  lth@L6 +  lth@L7 ),,,numeric,equation
52,variable / equation,retirada_condensado_linha,Média mensal da retirada de condensado calculada para cada linha da área 41.,m³/h,,,calculado,mensal,linha,L1_L7,Forecast A41!A3:A9,ativo,Média mensal de todos os resultados diários de 'retirada_condensado_linha',,,numeric,aggregation
53,variable / equation,retirada_condensado_linha,Média anual da retirada de condensado calculada para cada linha da área 41.,m³/h,,,calculado,anual,linha,L1_L7,Forecast A41!A3:A9,ativo,Média anual de todos os resultados diários de 'retirada_condensado_linha',,,numeric,aggregation
54,variable / equation,retirada_condensado_total,Retirada de condensado total calculada para o conjunto das linhas L1 a L7.,m³/h,,,calculado,diário,linha_grupo,L1_L7,Forecast A41!A10,ativo,retirada_condensado_grupo@L1_L3 + retirada_condensado_grupo@L4_L5 + retirada_condensado_grupo@L6_L7,,,numeric,equation
55,variable / equation,retirada_condensado_total,Média mensal da retirada de condensado total calculada para o conjunto das linhas L1 a L7.,m³/h,,,calculado,mensal,linha_grupo,L1_L7,Forecast A41!A10,ativo,Média mensal de todos os resultados diários de 'retirada_condensado_total',,,numeric,aggregation
56,variable / equation,retirada_condensado_total,Média anual da retirada de condensado total calculada para o conjunto das linhas L1 a L7.,m³/h,,,calculado,anual,linha_grupo,L1_L7,Forecast A41!A10,ativo,Média anual de todos os resultados diários de 'retirada_condensado_total',,,numeric,aggregation
